Name,Photos
v.agliata,101
OurTravelPics.com,102
Michel Curi,102
SeriousCallersOnly,102
[Ahio],103
Edu.San.,104
IceCal,106
bensondoc,106
Evgeny Gorodetskiy,107
fgorina,108
Jose Antonio. 62,109
EcoFoco juanma.coria,110
'LPG',111
SantiMB.Photos,111
mark loopt,112
willemkuijpers,113
Thomas Berg.,113
Antonio García Medina,115
radioink,115
Abel Cerezuela Photography,116
ClaudioGTO,116
La hormiga remolona,117
bschti,118
hn.,119
Vagamundos / Carlos Olmo,119
Grupo Scout Caph MSC,120
S. Nysteen,120
Prefektionist,120
janvanderweerd,121
Yssso,121
d.jauvin,123
Club Al Borde,123
VAVEL España (www.vavel.com),124
jean.deines,125
Astroreizen,126
pilot_micha,127
Llamparego,132
Paolo Motta,133
Vincent Dandrieu-Bergez,133
MattBarnes1981,133
bruck76,134
ashltd,138
Eduardo Estéllez,138
Chris Belsten,140
J.S.C.,143
Aka1936,144
Timberline Adventures,145
Hachimaki123,146
tunante80,154
Thomas Jundt + CV,155
Juan Ignacio Pascual,162
PicetCol,162
luisredondocarrera,163
Trevor.Huxham,164
J Carrasco (mundele),165
brentinho,166
DAGM4,168
Marco Di Leo,170
Juhele_CZ,170
vituco28,171
stefan_erkens,172
jbdodane,175
daniel.cassany,180
zement,181
David Gimeno Redondo,189
Kurt-Georg,189
Cmagov,190
Wenceslau Graus,191
Joanbrebo,193
jviares,194
Inventis,197
private miguev,202
romanoski,203
alpafernet,204
frank.dierckx,204
sostingut,209
Alfredo Martinez Argote,212
Vincepix,221
Manel,221
Ten Skies,222
Michele Carlini,227
pyrenees2015,242
NHArq,247
Litrosqui,250
trekmaniac-is-back,261
heatheronhertravels,270
katie g*,289
cinxxx,296
bobymartinez,302
A Contra Viento,303
Jose Manuel Ferez,304
newnumenor,312
elenaherrera200164,315
jcbm39,324
David Barrio López,337
[EX3],339
Roteiros Galegos,350
Sean Munson,385
Loeffle,413
Pepe Fernández,423
RAYPORRES,454
Airbeluga,474
JOSE-MARIA MORENO GARCIA = FOTOGRAFO HUMANISTA,490
tecumseh1967,501
Simon in the Alpujarras,521
Rens Kokke,541
toms_travels,935
brqxng,1449
Rubén Marcos,2421
