Name,link,Page,City
CerrodelosAngeles,https://www.instagram.com/explore/locations/c2904057/cerrodelosangeles-spain/?hl=es,,
CasadelaPoveda,https://www.instagram.com/explore/locations/c676505/casadelapoveda-spain/?hl=es,,
Liria,https://www.instagram.com/explore/locations/c688196/liria-spain/?hl=es,,
Felanitx,https://www.instagram.com/explore/locations/c683464/felanitx-spain/?hl=es,,
Bitaño,https://www.instagram.com/explore/locations/c674611/bitano-spain/?hl=es,,
LaEsperanza,https://www.instagram.com/explore/locations/c686407/laesperanza-spain/?hl=es,,
GuernicayLuno,https://www.instagram.com/explore/locations/c684956/guernicayluno-spain/?hl=es,,
SonSardina,https://www.instagram.com/explore/locations/c697889/sonsardina-spain/?hl=es,,
Noya,https://www.instagram.com/explore/locations/c691567/noya-spain/?hl=es,,
ElTardón,https://www.instagram.com/explore/locations/c2876119/eltardon-spain/?hl=es,,
Béjar,https://www.instagram.com/explore/locations/c674098/bejar-spain/?hl=es,,
Mijas,https://www.instagram.com/explore/locations/c690177/mijas-spain/?hl=es,,
Reinosa,https://www.instagram.com/explore/locations/c694566/reinosa-spain/?hl=es,,
BarriodeManresá,https://www.instagram.com/explore/locations/c673771/barriodemanresa-spain/?hl=es,,
PilardelaHoradada,https://www.instagram.com/explore/locations/c693107/pilardelahoradada-spain/?hl=es,,
LAlfàsdelPi,https://www.instagram.com/explore/locations/c2687611/lalfasdelpi-spain/?hl=es,,
Montijo,https://www.instagram.com/explore/locations/c690707/montijo-spain/?hl=es,,
Algete,https://www.instagram.com/explore/locations/c671768/algete-spain/?hl=es,,
ElPlantío,https://www.instagram.com/explore/locations/c682560/elplantio-spain/?hl=es,,
Oropesa,https://www.instagram.com/explore/locations/c691984/oropesa-spain/?hl=es,,
Vera,https://www.instagram.com/explore/locations/c700411/vera-spain/?hl=es,,
CallosadeSegura,https://www.instagram.com/explore/locations/c675577/callosadesegura-spain/?hl=es,,
Almatriche,https://www.instagram.com/explore/locations/c2907222/almatriche-spain/?hl=es,,
CorródeVall,https://www.instagram.com/explore/locations/c680571/corrodevall-spain/?hl=es,,
Túy,https://www.instagram.com/explore/locations/c699325/tuy-spain/?hl=es,,
Sarrueta,https://www.instagram.com/explore/locations/c697298/sarrueta-spain/?hl=es,,
Arteijo,https://www.instagram.com/explore/locations/c672920/arteijo-spain/?hl=es,,
Guadarrama,https://www.instagram.com/explore/locations/c684870/guadarrama-spain/?hl=es,,
Costillares,https://www.instagram.com/explore/locations/c2869608/costillares-spain/?hl=es,,
SanBernardo,https://www.instagram.com/explore/locations/c695693/sanbernardo-spain/?hl=es,,
BarriadaSanRoque,https://www.instagram.com/explore/locations/c673668/barriadasanroque-spain/?hl=es,,
Rafelbuñol,https://www.instagram.com/explore/locations/c694345/rafelbunol-spain/?hl=es,,
CaseríoCastilloBajo,https://www.instagram.com/explore/locations/c677448/caseriocastillobajo-spain/?hl=es,,
TorroelladeMongri,https://www.instagram.com/explore/locations/c698995/torroellademongri-spain/?hl=es,,
Aspe,https://www.instagram.com/explore/locations/c672986/aspe-spain/?hl=es,,
PuertadelAlcudia,https://www.instagram.com/explore/locations/c693926/puertadelalcudia-spain/?hl=es,,
Jrobe,https://www.instagram.com/explore/locations/c685919/jrobe-spain/?hl=es,,
CarrerdelMar,https://www.instagram.com/explore/locations/c676366/carrerdelmar-spain/?hl=es,,
Zofío,https://www.instagram.com/explore/locations/c2869774/zofio-spain/?hl=es,,
Estepa,https://www.instagram.com/explore/locations/c683310/estepa-spain/?hl=es,,
Utebo,https://www.instagram.com/explore/locations/c699525/utebo-spain/?hl=es,,
LosGigantes,https://www.instagram.com/explore/locations/c87695/losgigantes-spain/?hl=es,,
Kurtzea,https://www.instagram.com/explore/locations/c2915907/kurtzea-spain/?hl=es,,
Bétera,https://www.instagram.com/explore/locations/c674534/betera-spain/?hl=es,,
SanMigueldeSalinas,https://www.instagram.com/explore/locations/c696298/sanmigueldesalinas-spain/?hl=es,,
CarreteraFuensaldña,https://www.instagram.com/explore/locations/c2934159/carreterafuensaldna-spain/?hl=es,,
Perillo,https://www.instagram.com/explore/locations/c692969/perillo-spain/?hl=es,,
PuebladeVallbona,https://www.instagram.com/explore/locations/c693840/puebladevallbona-spain/?hl=es,,
Tabernas,https://www.instagram.com/explore/locations/c698120/tabernas-spain/?hl=es,,
Villaverde,https://www.instagram.com/explore/locations/c701810/villaverde-spain/?hl=es,,
CastillodeMontjuich,https://www.instagram.com/explore/locations/c679335/castillodemontjuich-spain/?hl=es,,
Lavadores,https://www.instagram.com/explore/locations/c687835/lavadores-spain/?hl=es,,
Carlet,https://www.instagram.com/explore/locations/c676278/carlet-spain/?hl=es,,
PuebladeAlfindén,https://www.instagram.com/explore/locations/c693793/puebladealfinden-spain/?hl=es,,
VillaresdelaReina,https://www.instagram.com/explore/locations/c701539/villaresdelareina-spain/?hl=es,,
Burela,https://www.instagram.com/explore/locations/c675112/burela-spain/?hl=es,,
Ribadeo,https://www.instagram.com/explore/locations/c694744/ribadeo-spain/?hl=es,,
SantAntoni,https://www.instagram.com/explore/locations/c2928500/santantoni-spain/?hl=es,,
AldeaBlancadelLlano,https://www.instagram.com/explore/locations/c671578/aldeablancadelllano-spain/?hl=es,,
PlatjadeGandia,https://www.instagram.com/explore/locations/c2925308/platjadegandia-spain/?hl=es,,
Nules,https://www.instagram.com/explore/locations/c691595/nules-spain/?hl=es,,
Llanes,https://www.instagram.com/explore/locations/c688252/llanes-spain/?hl=es,,
SitiodeCalahonda,https://www.instagram.com/explore/locations/c2897528/sitiodecalahonda-spain/?hl=es,,
SanFructuoso,https://www.instagram.com/explore/locations/c695921/sanfructuoso-spain/?hl=es,,
Zubia,https://www.instagram.com/explore/locations/c702323/zubia-spain/?hl=es,,
ValverdedelCamino,https://www.instagram.com/explore/locations/c700098/valverdedelcamino-spain/?hl=es,,
CampodeCriptana,https://www.instagram.com/explore/locations/c675766/campodecriptana-spain/?hl=es,,
Cervera,https://www.instagram.com/explore/locations/c679792/cervera-spain/?hl=es,,
Durango,https://www.instagram.com/explore/locations/c681817/durango-spain/?hl=es,,
SanMartíndelaVega,https://www.instagram.com/explore/locations/c696180/sanmartindelavega-spain/?hl=es,,
SegurdeCalafell,https://www.instagram.com/explore/locations/c2907303/segurdecalafell-spain/?hl=es,,
ChurrianadelaVega,https://www.instagram.com/explore/locations/c679996/churrianadelavega-spain/?hl=es,,
Segorbe,https://www.instagram.com/explore/locations/c697382/segorbe-spain/?hl=es,,
Atarfe,https://www.instagram.com/explore/locations/c673037/atarfe-spain/?hl=es,,
PuenteTocinos,https://www.instagram.com/explore/locations/c2684599/puentetocinos-spain/?hl=es,,
UrbanizaciónElCable,https://www.instagram.com/explore/locations/c2887193/urbanizacionelcable-spain/?hl=es,,
Guadalmina,https://www.instagram.com/explore/locations/c2894583/guadalmina-spain/?hl=es,,
Pilas,https://www.instagram.com/explore/locations/c693110/pilas-spain/?hl=es,,
MieresDelCamín,https://www.instagram.com/explore/locations/c2893588/mieresdelcamin-spain/?hl=es,,
Tincer,https://www.instagram.com/explore/locations/c2918044/tincer-spain/?hl=es,,
Huércal-Overa,https://www.instagram.com/explore/locations/c685423/huercal-overa-spain/?hl=es,,
Amposta,https://www.instagram.com/explore/locations/c2869951/amposta-spain/?hl=es,,
Garriga,https://www.instagram.com/explore/locations/c684430/garriga-spain/?hl=es,,
CasasdeLaProsperidad,https://www.instagram.com/explore/locations/c676808/casasdelaprosperidad-spain/?hl=es,,
Moncada,https://www.instagram.com/explore/locations/c690453/moncada-spain/?hl=es,,
Olesa,https://www.instagram.com/explore/locations/c691726/olesa-spain/?hl=es,,
Mesoiro,https://www.instagram.com/explore/locations/c2888197/mesoiro-spain/?hl=es,,
Albox,https://www.instagram.com/explore/locations/c671410/albox-spain/?hl=es,,
Ouzande,https://www.instagram.com/explore/locations/c692142/ouzande-spain/?hl=es,,
NuevaMontaña,https://www.instagram.com/explore/locations/c691586/nuevamontana-spain/?hl=es,,
QuintanardelaOrden,https://www.instagram.com/explore/locations/c694188/quintanardelaorden-spain/?hl=es,,
VillanuevadelPardillo,https://www.instagram.com/explore/locations/c701276/villanuevadelpardillo-spain/?hl=es,,
Ginés,https://www.instagram.com/explore/locations/c684568/gines-spain/?hl=es,,
Cehegín,https://www.instagram.com/explore/locations/c679586/cehegin-spain/?hl=es,,
Aracena,https://www.instagram.com/explore/locations/c672354/aracena-spain/?hl=es,,
HuétorVega,https://www.instagram.com/explore/locations/c685498/huetorvega-spain/?hl=es,,
,https://www.instagram.com/explore/locations/c689275/malaga-spain/?hl=es,,Málaga
,https://www.instagram.com/explore/locations/c692339/palmademallorca-spain/?hl=es,,PalmadeMallorca
,https://www.instagram.com/explore/locations/c702220/zaragoza-spain/?hl=es,,Zaragoza
,https://www.instagram.com/explore/locations/c699838/valence-spain/?hl=es,,Valence
,https://www.instagram.com/explore/locations/c671045/acoruna-spain/?hl=es,,ACoruña
,https://www.instagram.com/explore/locations/c699893/valladolid-spain/?hl=es,,Valladolid
,https://www.instagram.com/explore/locations/c697595/seville-spain/?hl=es,,Seville
,https://www.instagram.com/explore/locations/c2869972/sol-spain/?hl=es,,Sol
,https://www.instagram.com/explore/locations/c674578/bilbao-spain/?hl=es,,Bilbao
,https://www.instagram.com/explore/locations/c684746/granada-spain/?hl=es,,Granada
,https://www.instagram.com/explore/locations/c699854/valencia-spain/?hl=es,,Valencia
,https://www.instagram.com/explore/locations/c673453/barcelona-spain/?hl=es,,Barcelona
,https://www.instagram.com/explore/locations/c698318/terrassa-spain/?hl=es,,Terrassa
,https://www.instagram.com/explore/locations/c682148/elche-spain/?hl=es,,Elche
,https://www.instagram.com/explore/locations/c2866475/lantigaesquerradeleixample-spain/?hl=es,,lAntigaEsquerradelEixample
,https://www.instagram.com/explore/locations/c2869938/justicia-spain/?hl=es,,Justicia
,https://www.instagram.com/explore/locations/c671803/alicante-spain/?hl=es,,Alicante
,https://www.instagram.com/explore/locations/c695406/salamanca-spain/?hl=es,,Salamanca
,https://www.instagram.com/explore/locations/c674297/benimaclet-spain/?hl=es,,Benimaclet
,https://www.instagram.com/explore/locations/c691067/murcia-spain/?hl=es,,Murcia
,https://www.instagram.com/explore/locations/c2866486/elraval-spain/?hl=es,,ElRaval
,https://www.instagram.com/explore/locations/c685540/ibiza-spain/?hl=es,,Ibiza
,https://www.instagram.com/explore/locations/c684549/gijon-spain/?hl=es,,Gijón
,https://www.instagram.com/explore/locations/c680691/cortijadaeljaul-spain/?hl=es,,CortijadaElJaúl
,https://www.instagram.com/explore/locations/c673640/barriadaguanarteme-spain/?hl=es,,BarriadaGuanarteme
,https://www.instagram.com/explore/locations/c687211/laribera-spain/?hl=es,,LaRibera
,https://www.instagram.com/explore/locations/c671296/albacete-spain/?hl=es,,Albacete
,https://www.instagram.com/explore/locations/c2866781/santgervasigalvany-spain/?hl=es,,SantGervasiGalvany
,https://www.instagram.com/explore/locations/c688407/logrono-spain/?hl=es,,Logroño
,https://www.instagram.com/explore/locations/c671439/alcaladehenares-spain/?hl=es,,AlcaládeHenares
,https://www.instagram.com/explore/locations/c2869962/universidad-spain/?hl=es,,Universidad
,https://www.instagram.com/explore/locations/c688051/leon-spain/?hl=es,,León
,https://www.instagram.com/explore/locations/c680471/cordoba-spain/?hl=es,,Córdoba
,https://www.instagram.com/explore/locations/c696904/santander-spain/?hl=es,,Santander
,https://www.instagram.com/explore/locations/c696521/sansebastian-spain/?hl=es,,SanSebastián
,https://www.instagram.com/explore/locations/c695321/sabadell-spain/?hl=es,,Sabadell
,https://www.instagram.com/explore/locations/c689772/maspalomas-spain/?hl=es,,Maspalomas
,https://www.instagram.com/explore/locations/c2866829/viladegracia-spain/?hl=es,,ViladeGracia
,https://www.instagram.com/explore/locations/c689464/marbella-spain/?hl=es,,Marbella
,https://www.instagram.com/explore/locations/c2866667/ladretadeleixample-spain/?hl=es,,laDretadelEixample
,https://www.instagram.com/explore/locations/c672502/arcos-spain/?hl=es,,Arcos
,https://www.instagram.com/explore/locations/c684523/girona-spain/?hl=es,,Girona
,https://www.instagram.com/explore/locations/c689832/mataro-spain/?hl=es,,Mataró
,https://www.instagram.com/explore/locations/c2869965/recoletos-spain/?hl=es,,Recoletos
,https://www.instagram.com/explore/locations/c696988/santiagodecompostela-spain/?hl=es,,SantiagodeCompostela
,https://www.instagram.com/explore/locations/c675127/burgos-spain/?hl=es,,Burgos
,https://www.instagram.com/explore/locations/c694692/reus-spain/?hl=es,,Reus
,https://www.instagram.com/explore/locations/c690935/mostoles-spain/?hl=es,,Móstoles
,https://www.instagram.com/explore/locations/c674211/benalua-spain/?hl=es,,Benalúa
,https://www.instagram.com/explore/locations/c698315/tarragona-spain/?hl=es,,Tarragona
,https://www.instagram.com/explore/locations/c683987/fuenlabrada-spain/?hl=es,,Fuenlabrada
,https://www.instagram.com/explore/locations/c688065/lleida-spain/?hl=es,,Lleida
,https://www.instagram.com/explore/locations/c685795/jaen-spain/?hl=es,,Jaén
,https://www.instagram.com/explore/locations/c671528/alcorcon-spain/?hl=es,,Alcorcón
,https://www.instagram.com/explore/locations/c2876000/gruporenfe-policlinico-spain/?hl=es,,GrupoRenfe-Policlínico
,https://www.instagram.com/explore/locations/c2869754/castillejos-spain/?hl=es,,Castillejos
,https://www.instagram.com/explore/locations/c698984/torrevieja-spain/?hl=es,,Torrevieja
,https://www.instagram.com/explore/locations/c2866478/lanovaesquerradeleixample-spain/?hl=es,,laNovaEsquerradelEixample
,https://www.instagram.com/explore/locations/c2869967/cuatrocaminos-spain/?hl=es,,CuatroCaminos
,https://www.instagram.com/explore/locations/c696513/sansebastiandelosreyes-spain/?hl=es,,SanSebastiándelosReyes
,https://www.instagram.com/explore/locations/c2869914/castellana-spain/?hl=es,,Castellana
,https://www.instagram.com/explore/locations/c2866800/santantoni-spain/?hl=es,,SantAntoni
,https://www.instagram.com/explore/locations/c696646/santacruzdetenerife-spain/?hl=es,,SantaCruzdeTenerife
,https://www.instagram.com/explore/locations/c2869955/palacio-spain/?hl=es,,Palacio
,https://www.instagram.com/explore/locations/c2869948/gaztambide-spain/?hl=es,,Gaztambide
,https://www.instagram.com/explore/locations/c702232/zargoza-spain/?hl=es,,Zargoza
,https://www.instagram.com/explore/locations/c2869930/goya-spain/?hl=es,,Goya
,https://www.instagram.com/explore/locations/c673205/badalona-spain/?hl=es,,Badalona
,https://www.instagram.com/explore/locations/c683866/freijeiro-spain/?hl=es,,Freijeiro
,https://www.instagram.com/explore/locations/c699210/triana-spain/?hl=es,,Triana
,https://www.instagram.com/explore/locations/c692323/palencia-spain/?hl=es,,Palencia
,https://www.instagram.com/explore/locations/c689194/madrid-spain/?hl=es,,Madrid
,https://www.instagram.com/explore/locations/c694182/quintana-spain/?hl=es,,Quintana
,https://www.instagram.com/explore/locations/c693335/pobladodenazaret-spain/?hl=es,,PobladodeNazaret
,https://www.instagram.com/explore/locations/c687998/leganes-spain/?hl=es,,Leganés
,https://www.instagram.com/explore/locations/c685419/huelva-spain/?hl=es,,Huelva
,https://www.instagram.com/explore/locations/c679249/castellon-spain/?hl=es,,Castellón
,https://www.instagram.com/explore/locations/c672781/arrabal-spain/?hl=es,,Arrabal
,https://www.instagram.com/explore/locations/c2684605/benimamet-beniferri-spain/?hl=es,,BENIMAMET-BENIFERRI
,https://www.instagram.com/explore/locations/c2869968/trafalgar-spain/?hl=es,,Trafalgar
,https://www.instagram.com/explore/locations/c671496/alcobendas-spain/?hl=es,,Alcobendas
,https://www.instagram.com/explore/locations/c2684622/santaponca-spain/?hl=es,,SANTAPONÇA
,https://www.instagram.com/explore/locations/c2866502/lasagradafamilla-spain/?hl=es,,laSagradaFamilla
,https://www.instagram.com/explore/locations/c2876404/losremedios-spain/?hl=es,,LosRemedios
,https://www.instagram.com/explore/locations/c674281/benidorme-spain/?hl=es,,Benidorme
,https://www.instagram.com/explore/locations/c2869928/arguelles-spain/?hl=es,,Argüelles
,https://www.instagram.com/explore/locations/c691938/orense-spain/?hl=es,,Orense
,https://www.instagram.com/explore/locations/c2869969/cortes-spain/?hl=es,,Cortes
,https://www.instagram.com/explore/locations/c696580/santacolomadegramenet-spain/?hl=es,,SantaColomadeGramenet
,https://www.instagram.com/explore/locations/c683985/fuengirola-spain/?hl=es,,Fuengirola
,https://www.instagram.com/explore/locations/c2869945/riosrosas-spain/?hl=es,,RíosRosas
,https://www.instagram.com/explore/locations/c679251/castellondelaplana-spain/?hl=es,,CastellóndelaPlana
,https://www.instagram.com/explore/locations/c702036/vitoria-gasteiz-spain/?hl=es,,Vitoria-Gasteiz
,https://www.instagram.com/explore/locations/c673204/badajoz-spain/?hl=es,,Badajoz
,https://www.instagram.com/explore/locations/c697169/sants-spain/?hl=es,,Sants
,https://www.instagram.com/explore/locations/c689129/lugo-spain/?hl=es,,Lugo
,https://www.instagram.com/explore/locations/c680130/ciudadreal-spain/?hl=es,,CiudadReal
,https://www.instagram.com/explore/locations/c676260/cardoue-spain/?hl=es,,Cardoue
,https://www.instagram.com/explore/locations/c2866513/elcampdengrassotigracianova-spain/?hl=es,,elCampdenGrassotiGraciaNova
,https://www.instagram.com/explore/locations/c685348/lhospitaletdellobregat-spain/?hl=es,,LHospitaletdeLlobregat
,https://www.instagram.com/explore/locations/c682590/elpratdellobregat-spain/?hl=es,,ElPratdeLlobregat
,https://www.instagram.com/explore/locations/c2907043/montecaramelo-spain/?hl=es,,MonteCaramelo
,https://www.instagram.com/explore/locations/c684538/getafe-spain/?hl=es,,Getafe
,https://www.instagram.com/explore/locations/c695516/salou-spain/?hl=es,,Salou
,https://www.instagram.com/explore/locations/c692538/parla-spain/?hl=es,,Parla
,https://www.instagram.com/explore/locations/c675415/caceres-spain/?hl=es,,Cáceres
,https://www.instagram.com/explore/locations/c2869784/bellasvistas-spain/?hl=es,,BellasVistas
,https://www.instagram.com/explore/locations/c679772/cerrodelaquila-spain/?hl=es,,CerrodelAquila
,https://www.instagram.com/explore/locations/c673708/barriociudadjardin-spain/?hl=es,,BarrioCiudadJardín
,https://www.instagram.com/explore/locations/c698879/torrejondeardoz-spain/?hl=es,,TorrejóndeArdoz
,https://www.instagram.com/explore/locations/c698609/toledo-spain/?hl=es,,Toledo
,https://www.instagram.com/explore/locations/c684794/granollers-spain/?hl=es,,Granollers
,https://www.instagram.com/explore/locations/c692150/oviedo-spain/?hl=es,,Oviedo
,https://www.instagram.com/explore/locations/c684048/fuentedesanluis-spain/?hl=es,,FuentedeSanLuis
,https://www.instagram.com/explore/locations/c2869936/almagro-spain/?hl=es,,Almagro
,https://www.instagram.com/explore/locations/c2869963/embajadores-spain/?hl=es,,Embajadores
,https://www.instagram.com/explore/locations/c675685/campanar-spain/?hl=es,,Campanar
,https://www.instagram.com/explore/locations/c698199/talaveradelareina-spain/?hl=es,,TalaveradelaReina
,https://www.instagram.com/explore/locations/c675920/canaveral-spain/?hl=es,,Cañaveral
,https://www.instagram.com/explore/locations/c693431/pontevedra-spain/?hl=es,,Pontevedra
,https://www.instagram.com/explore/locations/c2869915/arapiles-spain/?hl=es,,Arapiles
,https://www.instagram.com/explore/locations/c690104/merida-spain/?hl=es,,Mérida
,https://www.instagram.com/explore/locations/c702202/zamora-spain/?hl=es,,Zamora
,https://www.instagram.com/explore/locations/c2866477/elfortpienc-spain/?hl=es,,elFortPienc
,https://www.instagram.com/explore/locations/c671765/algeciras-spain/?hl=es,,Algeciras
,https://www.instagram.com/explore/locations/c680468/cordoba-spain/?hl=es,,Córdoba
,https://www.instagram.com/explore/locations/c2914310/sancarlos-spain/?hl=es,,SanCarlos
,https://www.instagram.com/explore/locations/c685874/jerezdelafrontera-spain/?hl=es,,JerezdelaFrontera
,https://www.instagram.com/explore/locations/c2869627/lista-spain/?hl=es,,Lista
,https://www.instagram.com/explore/locations/c700598/vilanovailageltru-spain/?hl=es,,VilanovaILaGeltru
,https://www.instagram.com/explore/locations/c687637/laspalmasdegrancanaria-spain/?hl=es,,LasPalmasdeGranCanaria
,https://www.instagram.com/explore/locations/c695260/rubi-spain/?hl=es,,Rubí
,https://www.instagram.com/explore/locations/c2866817/lestrestorresbarcelonavallesline-spain/?hl=es,,LesTresTorres(Barcelona–VallèsLine)
,https://www.instagram.com/explore/locations/c676434/casablanca-spain/?hl=es,,Casablanca
,https://www.instagram.com/explore/locations/c681518/cuixa-spain/?hl=es,,Cuixa
,https://www.instagram.com/explore/locations/c684856/guadalajara-spain/?hl=es,,Guadalajara
,https://www.instagram.com/explore/locations/c696957/santcugatdelvalles-spain/?hl=es,,SantCugatdelVallès
,https://www.instagram.com/explore/locations/c698123/tabernes-spain/?hl=es,,Tabernes
,https://www.instagram.com/explore/locations/c2866685/santperesantacaterinailaribera-spain/?hl=es,,SantPereSantaCaterinailaRibera
,https://www.instagram.com/explore/locations/c2869699/vistaalegre-spain/?hl=es,,Vistaalegre
,https://www.instagram.com/explore/locations/c700543/viladecans-spain/?hl=es,,Viladecáns
,https://www.instagram.com/explore/locations/c672864/arroyodelamiel-spain/?hl=es,,ArroyodelaMiel
,https://www.instagram.com/explore/locations/c688340/lloretdemar-spain/?hl=es,,LloretdeMar
,https://www.instagram.com/explore/locations/c681415/cuenca-spain/?hl=es,,Cuenca
,https://www.instagram.com/explore/locations/c2869953/guindalera-spain/?hl=es,,Guindalera
,https://www.instagram.com/explore/locations/c685489/huesca-spain/?hl=es,,Huesca
,https://www.instagram.com/explore/locations/c697383/segovia-spain/?hl=es,,Segovia
,https://www.instagram.com/explore/locations/c683559/figueres-spain/?hl=es,,Figueres
,https://www.instagram.com/explore/locations/c681659/denia-spain/?hl=es,,Denia
,https://www.instagram.com/explore/locations/c681320/cruzdelagos-spain/?hl=es,,CruzdeLagos
,https://www.instagram.com/explore/locations/c683536/ferrol-spain/?hl=es,,Ferrol
,https://www.instagram.com/explore/locations/c2869718/palosdemoguer-spain/?hl=es,,PalosdeMoguer
,https://www.instagram.com/explore/locations/c2866511/sants-badal-spain/?hl=es,,Sants-Badal
,https://www.instagram.com/explore/locations/c2866913/elpoble-secbarcelona-spain/?hl=es,,"ElPoble-sec,Barcelona"
,https://www.instagram.com/explore/locations/c2866515/elputgetifarro-spain/?hl=es,,elPutgetiFarró
,https://www.instagram.com/explore/locations/c2869966/fuentedelberro-spain/?hl=es,,FuentedelBerro
,https://www.instagram.com/explore/locations/c696350/sanpedrodealcantara-spain/?hl=es,,SanPedrodeAlcántara
,https://www.instagram.com/explore/locations/c2894584/nuevaandalucia-spain/?hl=es,,NuevaAndalucía
,https://www.instagram.com/explore/locations/c2869787/valverde-spain/?hl=es,,Valverde
,https://www.instagram.com/explore/locations/c2869958/ibiza-spain/?hl=es,,Ibiza
,https://www.instagram.com/explore/locations/c2866834/hostafrancsbarcelonametro-spain/?hl=es,,Hostafrancs(BarcelonaMetro)
,https://www.instagram.com/explore/locations/c692497/pardaleras-spain/?hl=es,,Pardaleras
,https://www.instagram.com/explore/locations/c673088/aviles-spain/?hl=es,,Avilés
,https://www.instagram.com/explore/locations/c2684613/cerdanyoladelvalles-spain/?hl=es,,CerdanyoladelVallès
,https://www.instagram.com/explore/locations/c2866943/labarceloneta-spain/?hl=es,,LaBarceloneta
,https://www.instagram.com/explore/locations/c699182/tresalquerias-spain/?hl=es,,TresAlquerías
,https://www.instagram.com/explore/locations/c2869615/acacias-spain/?hl=es,,Acacias
,https://www.instagram.com/explore/locations/c692375/pamplona-spain/?hl=es,,Pamplona
,https://www.instagram.com/explore/locations/c682221/elda-spain/?hl=es,,Elda
,https://www.instagram.com/explore/locations/c683312/estepona-spain/?hl=es,,Estepona
,https://www.instagram.com/explore/locations/c2898074/playadelasamericas-spain/?hl=es,,PlayadelasAméricas
,https://www.instagram.com/explore/locations/c693937/puertocristianos-spain/?hl=es,,PuertoCristianos
,https://www.instagram.com/explore/locations/c681787/doshermanas-spain/?hl=es,,DosHermanas
,https://www.instagram.com/explore/locations/c702038/vitoria-gasteiz-spain/?hl=es,,Vitoria-Gasteiz
,https://www.instagram.com/explore/locations/c685630/indioteria-spain/?hl=es,,Indiotería
,https://www.instagram.com/explore/locations/c679229/castelldefels-spain/?hl=es,,Castelldefels
,https://www.instagram.com/explore/locations/c685582/igualada-spain/?hl=es,,Igualada
,https://www.instagram.com/explore/locations/c699728/valdemoro-spain/?hl=es,,Valdemoro
,https://www.instagram.com/explore/locations/c698929/torrente-spain/?hl=es,,Torrente
,https://www.instagram.com/explore/locations/c671437/alcaladeguadaira-spain/?hl=es,,AlcaládeGuadaira
,https://www.instagram.com/explore/locations/c2869941/pacifico-spain/?hl=es,,Pacífico
,https://www.instagram.com/explore/locations/c693782/prosperidad-spain/?hl=es,,Prosperidad
,https://www.instagram.com/explore/locations/c675442/cadiz-spain/?hl=es,,Cadiz
,https://www.instagram.com/explore/locations/c685877/jerez-spain/?hl=es,,Jerez
,https://www.instagram.com/explore/locations/c2914239/guadalmar-spain/?hl=es,,Guadalmar
,https://www.instagram.com/explore/locations/c673843/barriolasmonoteras-spain/?hl=es,,BarrioLasMonoteras
,https://www.instagram.com/explore/locations/c2876173/barrioleon-spain/?hl=es,,BarrioLeón
,https://www.instagram.com/explore/locations/c674858/bouzas-spain/?hl=es,,Bouzas
,https://www.instagram.com/explore/locations/c2866476/lamaternitatisantramon-spain/?hl=es,,laMaternitatiSantRamon
,https://www.instagram.com/explore/locations/c679932/chiclanadelafrontera-spain/?hl=es,,ChiclanadelaFrontera
,https://www.instagram.com/explore/locations/c689388/manresa-spain/?hl=es,,Manresa
,https://www.instagram.com/explore/locations/c689275/malaga-spain/?hl=es,,Málaga
,https://www.instagram.com/explore/locations/c692339/palmademallorca-spain/?hl=es,,PalmadeMallorca
,https://www.instagram.com/explore/locations/c702220/zaragoza-spain/?hl=es,,Zaragoza
,https://www.instagram.com/explore/locations/c699838/valence-spain/?hl=es,,Valence
,https://www.instagram.com/explore/locations/c671045/acoruna-spain/?hl=es,,ACoruña
,https://www.instagram.com/explore/locations/c699893/valladolid-spain/?hl=es,,Valladolid
,https://www.instagram.com/explore/locations/c697595/seville-spain/?hl=es,,Seville
,https://www.instagram.com/explore/locations/c2869972/sol-spain/?hl=es,,Sol
,https://www.instagram.com/explore/locations/c674578/bilbao-spain/?hl=es,,Bilbao
,https://www.instagram.com/explore/locations/c684746/granada-spain/?hl=es,,Granada
,https://www.instagram.com/explore/locations/c699854/valencia-spain/?hl=es,,Valencia
,https://www.instagram.com/explore/locations/c673453/barcelona-spain/?hl=es,,Barcelona
,https://www.instagram.com/explore/locations/c698318/terrassa-spain/?hl=es,,Terrassa
,https://www.instagram.com/explore/locations/c682148/elche-spain/?hl=es,,Elche
,https://www.instagram.com/explore/locations/c2866475/lantigaesquerradeleixample-spain/?hl=es,,lAntigaEsquerradelEixample
,https://www.instagram.com/explore/locations/c2869938/justicia-spain/?hl=es,,Justicia
,https://www.instagram.com/explore/locations/c671803/alicante-spain/?hl=es,,Alicante
,https://www.instagram.com/explore/locations/c695406/salamanca-spain/?hl=es,,Salamanca
,https://www.instagram.com/explore/locations/c674297/benimaclet-spain/?hl=es,,Benimaclet
,https://www.instagram.com/explore/locations/c691067/murcia-spain/?hl=es,,Murcia
,https://www.instagram.com/explore/locations/c2866486/elraval-spain/?hl=es,,ElRaval
,https://www.instagram.com/explore/locations/c685540/ibiza-spain/?hl=es,,Ibiza
,https://www.instagram.com/explore/locations/c684549/gijon-spain/?hl=es,,Gijón
,https://www.instagram.com/explore/locations/c680691/cortijadaeljaul-spain/?hl=es,,CortijadaElJaúl
,https://www.instagram.com/explore/locations/c673640/barriadaguanarteme-spain/?hl=es,,BarriadaGuanarteme
,https://www.instagram.com/explore/locations/c687211/laribera-spain/?hl=es,,LaRibera
,https://www.instagram.com/explore/locations/c671296/albacete-spain/?hl=es,,Albacete
,https://www.instagram.com/explore/locations/c2866781/santgervasigalvany-spain/?hl=es,,SantGervasiGalvany
,https://www.instagram.com/explore/locations/c688407/logrono-spain/?hl=es,,Logroño
,https://www.instagram.com/explore/locations/c671439/alcaladehenares-spain/?hl=es,,AlcaládeHenares
,https://www.instagram.com/explore/locations/c2869962/universidad-spain/?hl=es,,Universidad
,https://www.instagram.com/explore/locations/c688051/leon-spain/?hl=es,,León
,https://www.instagram.com/explore/locations/c680471/cordoba-spain/?hl=es,,Córdoba
,https://www.instagram.com/explore/locations/c696904/santander-spain/?hl=es,,Santander
,https://www.instagram.com/explore/locations/c696521/sansebastian-spain/?hl=es,,SanSebastián
,https://www.instagram.com/explore/locations/c695321/sabadell-spain/?hl=es,,Sabadell
,https://www.instagram.com/explore/locations/c689772/maspalomas-spain/?hl=es,,Maspalomas
,https://www.instagram.com/explore/locations/c2866829/viladegracia-spain/?hl=es,,ViladeGracia
,https://www.instagram.com/explore/locations/c689464/marbella-spain/?hl=es,,Marbella
,https://www.instagram.com/explore/locations/c2866667/ladretadeleixample-spain/?hl=es,,laDretadelEixample
,https://www.instagram.com/explore/locations/c672502/arcos-spain/?hl=es,,Arcos
,https://www.instagram.com/explore/locations/c684523/girona-spain/?hl=es,,Girona
,https://www.instagram.com/explore/locations/c689832/mataro-spain/?hl=es,,Mataró
,https://www.instagram.com/explore/locations/c2869965/recoletos-spain/?hl=es,,Recoletos
,https://www.instagram.com/explore/locations/c696988/santiagodecompostela-spain/?hl=es,,SantiagodeCompostela
,https://www.instagram.com/explore/locations/c675127/burgos-spain/?hl=es,,Burgos
,https://www.instagram.com/explore/locations/c694692/reus-spain/?hl=es,,Reus
,https://www.instagram.com/explore/locations/c690935/mostoles-spain/?hl=es,,Móstoles
,https://www.instagram.com/explore/locations/c674211/benalua-spain/?hl=es,,Benalúa
,https://www.instagram.com/explore/locations/c698315/tarragona-spain/?hl=es,,Tarragona
,https://www.instagram.com/explore/locations/c683987/fuenlabrada-spain/?hl=es,,Fuenlabrada
,https://www.instagram.com/explore/locations/c688065/lleida-spain/?hl=es,,Lleida
,https://www.instagram.com/explore/locations/c685795/jaen-spain/?hl=es,,Jaén
,https://www.instagram.com/explore/locations/c671528/alcorcon-spain/?hl=es,,Alcorcón
,https://www.instagram.com/explore/locations/c2876000/gruporenfe-policlinico-spain/?hl=es,,GrupoRenfe-Policlínico
,https://www.instagram.com/explore/locations/c2869754/castillejos-spain/?hl=es,,Castillejos
,https://www.instagram.com/explore/locations/c698984/torrevieja-spain/?hl=es,,Torrevieja
,https://www.instagram.com/explore/locations/c2866478/lanovaesquerradeleixample-spain/?hl=es,,laNovaEsquerradelEixample
,https://www.instagram.com/explore/locations/c2869967/cuatrocaminos-spain/?hl=es,,CuatroCaminos
,https://www.instagram.com/explore/locations/c696513/sansebastiandelosreyes-spain/?hl=es,,SanSebastiándelosReyes
,https://www.instagram.com/explore/locations/c2869914/castellana-spain/?hl=es,,Castellana
,https://www.instagram.com/explore/locations/c2866800/santantoni-spain/?hl=es,,SantAntoni
,https://www.instagram.com/explore/locations/c696646/santacruzdetenerife-spain/?hl=es,,SantaCruzdeTenerife
,https://www.instagram.com/explore/locations/c2869955/palacio-spain/?hl=es,,Palacio
,https://www.instagram.com/explore/locations/c2869948/gaztambide-spain/?hl=es,,Gaztambide
,https://www.instagram.com/explore/locations/c702232/zargoza-spain/?hl=es,,Zargoza
,https://www.instagram.com/explore/locations/c2869930/goya-spain/?hl=es,,Goya
,https://www.instagram.com/explore/locations/c673205/badalona-spain/?hl=es,,Badalona
,https://www.instagram.com/explore/locations/c683866/freijeiro-spain/?hl=es,,Freijeiro
,https://www.instagram.com/explore/locations/c699210/triana-spain/?hl=es,,Triana
,https://www.instagram.com/explore/locations/c692323/palencia-spain/?hl=es,,Palencia
,https://www.instagram.com/explore/locations/c689194/madrid-spain/?hl=es,,Madrid
,https://www.instagram.com/explore/locations/c694182/quintana-spain/?hl=es,,Quintana
,https://www.instagram.com/explore/locations/c693335/pobladodenazaret-spain/?hl=es,,PobladodeNazaret
,https://www.instagram.com/explore/locations/c687998/leganes-spain/?hl=es,,Leganés
,https://www.instagram.com/explore/locations/c685419/huelva-spain/?hl=es,,Huelva
,https://www.instagram.com/explore/locations/c679249/castellon-spain/?hl=es,,Castellón
,https://www.instagram.com/explore/locations/c672781/arrabal-spain/?hl=es,,Arrabal
,https://www.instagram.com/explore/locations/c2684605/benimamet-beniferri-spain/?hl=es,,BENIMAMET-BENIFERRI
,https://www.instagram.com/explore/locations/c2869968/trafalgar-spain/?hl=es,,Trafalgar
,https://www.instagram.com/explore/locations/c671496/alcobendas-spain/?hl=es,,Alcobendas
,https://www.instagram.com/explore/locations/c2684622/santaponca-spain/?hl=es,,SANTAPONÇA
,https://www.instagram.com/explore/locations/c2866502/lasagradafamilla-spain/?hl=es,,laSagradaFamilla
,https://www.instagram.com/explore/locations/c2876404/losremedios-spain/?hl=es,,LosRemedios
,https://www.instagram.com/explore/locations/c674281/benidorme-spain/?hl=es,,Benidorme
,https://www.instagram.com/explore/locations/c2869928/arguelles-spain/?hl=es,,Argüelles
,https://www.instagram.com/explore/locations/c691938/orense-spain/?hl=es,,Orense
,https://www.instagram.com/explore/locations/c2869969/cortes-spain/?hl=es,,Cortes
,https://www.instagram.com/explore/locations/c696580/santacolomadegramenet-spain/?hl=es,,SantaColomadeGramenet
,https://www.instagram.com/explore/locations/c683985/fuengirola-spain/?hl=es,,Fuengirola
,https://www.instagram.com/explore/locations/c2869945/riosrosas-spain/?hl=es,,RíosRosas
,https://www.instagram.com/explore/locations/c679251/castellondelaplana-spain/?hl=es,,CastellóndelaPlana
,https://www.instagram.com/explore/locations/c702036/vitoria-gasteiz-spain/?hl=es,,Vitoria-Gasteiz
,https://www.instagram.com/explore/locations/c673204/badajoz-spain/?hl=es,,Badajoz
,https://www.instagram.com/explore/locations/c697169/sants-spain/?hl=es,,Sants
,https://www.instagram.com/explore/locations/c689129/lugo-spain/?hl=es,,Lugo
PuertodeSagunto,https://www.instagram.com/explore/locations/c693968/puertodesagunto-spain/?hl=es,,
Inca,https://www.instagram.com/explore/locations/c685622/inca-spain/?hl=es,,
elBaixGuinardo,https://www.instagram.com/explore/locations/c2866484/elbaixguinardo-spain/?hl=es,,
SanFernandodeHenares,https://www.instagram.com/explore/locations/c695905/sanfernandodehenares-spain/?hl=es,,
PeinadaGrande,https://www.instagram.com/explore/locations/c2914235/peinadagrande-spain/?hl=es,,
LaLínea,https://www.instagram.com/explore/locations/c686702/lalinea-spain/?hl=es,,
SanVicentedelRaspeig,https://www.instagram.com/explore/locations/c697201/sanvicentedelraspeig-spain/?hl=es,,
Begoña-SantaCatalina,https://www.instagram.com/explore/locations/c2876176/begona-santacatalina-spain/?hl=es,,
Calp,https://www.instagram.com/explore/locations/c675587/calp-spain/?hl=es,,
Campuzano,https://www.instagram.com/explore/locations/c675829/campuzano-spain/?hl=es,,
SantGervasiBonanova,https://www.instagram.com/explore/locations/c2866473/santgervasibonanova-spain/?hl=es,,
Comillas,https://www.instagram.com/explore/locations/c2869918/comillas-spain/?hl=es,,
Mislata,https://www.instagram.com/explore/locations/c690304/mislata-spain/?hl=es,,
Puntales,https://www.instagram.com/explore/locations/c694069/puntales-spain/?hl=es,,
Lorca,https://www.instagram.com/explore/locations/c688498/lorca-spain/?hl=es,,
Puertollano,https://www.instagram.com/explore/locations/c693982/puertollano-spain/?hl=es,,
Aravaca,https://www.instagram.com/explore/locations/c672429/aravaca-spain/?hl=es,,
ColmenarViejo,https://www.instagram.com/explore/locations/c680309/colmenarviejo-spain/?hl=es,,
Tarifa,https://www.instagram.com/explore/locations/c698308/tarifa-spain/?hl=es,,
Pilar,https://www.instagram.com/explore/locations/c2869486/pilar-spain/?hl=es,,
Cartagena,https://www.instagram.com/explore/locations/c2999042/cartagena-spain/?hl=es,,
CaseríodelaBonanova,https://www.instagram.com/explore/locations/c677566/caseriodelabonanova-spain/?hl=es,,
Tomelloso,https://www.instagram.com/explore/locations/c698633/tomelloso-spain/?hl=es,,
TorreblancadelosCaños,https://www.instagram.com/explore/locations/c698769/torreblancadeloscanos-spain/?hl=es,,
Vélez-Málaga,https://www.instagram.com/explore/locations/c700272/velez-malaga-spain/?hl=es,,
Utrera,https://www.instagram.com/explore/locations/c699530/utrera-spain/?hl=es,,
SanFrancesch,https://www.instagram.com/explore/locations/c695913/sanfrancesch-spain/?hl=es,,
ElBercial,https://www.instagram.com/explore/locations/c2903731/elbercial-spain/?hl=es,,
Almendralejo,https://www.instagram.com/explore/locations/c671916/almendralejo-spain/?hl=es,,
CaseríoSanLázaro,https://www.instagram.com/explore/locations/c678814/caseriosanlazaro-spain/?hl=es,,
DonBenito,https://www.instagram.com/explore/locations/c681744/donbenito-spain/?hl=es,,
LaVilaOlímpicadelPoblenou,https://www.instagram.com/explore/locations/c2866816/lavilaolimpicadelpoblenou-spain/?hl=es,,
Imperial,https://www.instagram.com/explore/locations/c2869935/imperial-spain/?hl=es,,
laProsperitat,https://www.instagram.com/explore/locations/c2866855/laprosperitat-spain/?hl=es,,
Olot,https://www.instagram.com/explore/locations/c691810/olot-spain/?hl=es,,
Tortosa,https://www.instagram.com/explore/locations/c699024/tortosa-spain/?hl=es,,
VILETA,https://www.instagram.com/explore/locations/c2684609/vileta-spain/?hl=es,,
ArandadeDuero,https://www.instagram.com/explore/locations/c672383/arandadeduero-spain/?hl=es,,
MolinadeSegura,https://www.instagram.com/explore/locations/c690377/molinadesegura-spain/?hl=es,,
Écija,https://www.instagram.com/explore/locations/c681851/ecija-spain/?hl=es,,
ResidenciaLosAltos,https://www.instagram.com/explore/locations/c2896161/residencialosaltos-spain/?hl=es,,
LaCarihuela,https://www.instagram.com/explore/locations/c2897792/lacarihuela-spain/?hl=es,,
SanVicentedeBarakaldo,https://www.instagram.com/explore/locations/c2934312/sanvicentedebarakaldo-spain/?hl=es,,
ElVendrell,https://www.instagram.com/explore/locations/c682821/elvendrell-spain/?hl=es,,
Armanella,https://www.instagram.com/explore/locations/c672713/armanella-spain/?hl=es,,
Villena,https://www.instagram.com/explore/locations/c701871/villena-spain/?hl=es,,
Vinaroz,https://www.instagram.com/explore/locations/c701950/vinaroz-spain/?hl=es,,
ElViso,https://www.instagram.com/explore/locations/c2869957/elviso-spain/?hl=es,,
Moscardó,https://www.instagram.com/explore/locations/c2869908/moscardo-spain/?hl=es,,
RoquetasdeMar,https://www.instagram.com/explore/locations/c695173/roquetasdemar-spain/?hl=es,,
ChamartíndelaRosa,https://www.instagram.com/explore/locations/c679844/chamartindelarosa-spain/?hl=es,,
Altea,https://www.instagram.com/explore/locations/c672051/altea-spain/?hl=es,,
PalomerasSureste,https://www.instagram.com/explore/locations/c2869947/palomerassureste-spain/?hl=es,,
LasRozasdeMadrid,https://www.instagram.com/explore/locations/c687689/lasrozasdemadrid-spain/?hl=es,,
Andújar,https://www.instagram.com/explore/locations/c672222/andujar-spain/?hl=es,,
Elviña,https://www.instagram.com/explore/locations/c682833/elvina-spain/?hl=es,,
PuebloNuevo,https://www.instagram.com/explore/locations/c693854/pueblonuevo-spain/?hl=es,,
Benicarló,https://www.instagram.com/explore/locations/c674273/benicarlo-spain/?hl=es,,
BoadilladelMonte,https://www.instagram.com/explore/locations/c674644/boadilladelmonte-spain/?hl=es,,
Salt,https://www.instagram.com/explore/locations/c695526/salt-spain/?hl=es,,
LasCaldas,https://www.instagram.com/explore/locations/c687365/lascaldas-spain/?hl=es,,
LasÁguilas,https://www.instagram.com/explore/locations/c2869652/lasaguilas-spain/?hl=es,,
PuentedeVallecas,https://www.instagram.com/explore/locations/c693890/puentedevallecas-spain/?hl=es,,
Entrevías,https://www.instagram.com/explore/locations/c682918/entrevias-spain/?hl=es,,
PlayadeFañabe,https://www.instagram.com/explore/locations/c2888269/playadefanabe-spain/?hl=es,,
SanFernanando,https://www.instagram.com/explore/locations/c695904/sanfernanando-spain/?hl=es,,
Rota,https://www.instagram.com/explore/locations/c695201/rota-spain/?hl=es,,
SanEugenioAlto,https://www.instagram.com/explore/locations/c2888330/saneugenioalto-spain/?hl=es,,
LasArenas,https://www.instagram.com/explore/locations/c687330/lasarenas-spain/?hl=es,,
Esplugas,https://www.instagram.com/explore/locations/c683206/esplugas-spain/?hl=es,,
Campoamor,https://www.instagram.com/explore/locations/c675750/campoamor-spain/?hl=es,,
SanJuliándelosPrados,https://www.instagram.com/explore/locations/c696055/sanjuliandelosprados-spain/?hl=es,,
ColldenRebassa,https://www.instagram.com/explore/locations/c680294/colldenrebassa-spain/?hl=es,,
DiagonalMarielFrontMarítimdelPoblenou,https://www.instagram.com/explore/locations/c2866825/diagonalmarielfrontmaritimdelpoblenou-spain/?hl=es,,
Játiva,https://www.instagram.com/explore/locations/c685846/jativa-spain/?hl=es,,
Canillejas,https://www.instagram.com/explore/locations/c676025/canillejas-spain/?hl=es,,
SanFernando,https://www.instagram.com/explore/locations/c695906/sanfernando-spain/?hl=es,,
LaSagrera,https://www.instagram.com/explore/locations/c687298/lasagrera-spain/?hl=es,,
SantaPola,https://www.instagram.com/explore/locations/c696937/santapola-spain/?hl=es,,
Amposta,https://www.instagram.com/explore/locations/c672150/amposta-spain/?hl=es,,
Añorga-Lugariz,https://www.instagram.com/explore/locations/c672276/anorga-lugariz-spain/?hl=es,,
Algorta,https://www.instagram.com/explore/locations/c671778/algorta-spain/?hl=es,,
LasTresVentanas,https://www.instagram.com/explore/locations/c687730/lastresventanas-spain/?hl=es,,
SonRapinya,https://www.instagram.com/explore/locations/c697888/sonrapinya-spain/?hl=es,,
Villareal,https://www.instagram.com/explore/locations/c701514/villareal-spain/?hl=es,,
PortdAlcúdia,https://www.instagram.com/explore/locations/c2684594/portdalcudia-spain/?hl=es,,
Almuñécar,https://www.instagram.com/explore/locations/c671965/almunecar-spain/?hl=es,,
Alcantarilla,https://www.instagram.com/explore/locations/c671463/alcantarilla-spain/?hl=es,,
SanAntonioAbad,https://www.instagram.com/explore/locations/c695645/sanantonioabad-spain/?hl=es,,
Tetuan,https://www.instagram.com/explore/locations/c698478/tetuan-spain/?hl=es,,
VilapicinailaTorreLlobeta,https://www.instagram.com/explore/locations/c2866732/vilapicinailatorrellobeta-spain/?hl=es,,
Villacarlos,https://www.instagram.com/explore/locations/c700722/villacarlos-spain/?hl=es,,
VilafrancadelPenedès,https://www.instagram.com/explore/locations/c700560/vilafrancadelpenedes-spain/?hl=es,,
Valdepeñas,https://www.instagram.com/explore/locations/c699748/valdepenas-spain/?hl=es,,
ElGuix,https://www.instagram.com/explore/locations/c682326/elguix-spain/?hl=es,,
NuevaEspaña,https://www.instagram.com/explore/locations/c2869934/nuevaespana-spain/?hl=es,,
LaCalzada,https://www.instagram.com/explore/locations/c686202/lacalzada-spain/?hl=es,,
PuertoRicodeGranCanaria,https://www.instagram.com/explore/locations/c2999064/puertoricodegrancanaria-spain/?hl=es,,
LaAlamedadeOsuna,https://www.instagram.com/explore/locations/c686004/laalamedadeosuna-spain/?hl=es,,
Tahiche,https://www.instagram.com/explore/locations/c698170/tahiche-spain/?hl=es,,
Calahorra,https://www.instagram.com/explore/locations/c675485/calahorra-spain/?hl=es,,
TorredelMar,https://www.instagram.com/explore/locations/c698836/torredelmar-spain/?hl=es,,
Iruña,https://www.instagram.com/explore/locations/c685688/iruna-spain/?hl=es,,
SanVicentedeBaracaldo,https://www.instagram.com/explore/locations/c697190/sanvicentedebaracaldo-spain/?hl=es,,
BaródeViver,https://www.instagram.com/explore/locations/c2862372/barodeviver-spain/?hl=es,,
Alco,https://www.instagram.com/explore/locations/c671490/alco-spain/?hl=es,,
Manises,https://www.instagram.com/explore/locations/c689377/manises-spain/?hl=es,,
Paterna,https://www.instagram.com/explore/locations/c692604/paterna-spain/?hl=es,,
VillaviciosadeOdón,https://www.instagram.com/explore/locations/c701830/villaviciosadeodon-spain/?hl=es,,
CiudadJardín,https://www.instagram.com/explore/locations/c2869943/ciudadjardin-spain/?hl=es,,
MontcadaiReixac,https://www.instagram.com/explore/locations/c690451/montcadaireixac-spain/?hl=es,,
Contrueces,https://www.instagram.com/explore/locations/c680423/contrueces-spain/?hl=es,,
Jávea,https://www.instagram.com/explore/locations/c685858/javea-spain/?hl=es,,
CerrillodeMaracena,https://www.instagram.com/explore/locations/c679768/cerrillodemaracena-spain/?hl=es,,
CornelládeLlobregat,https://www.instagram.com/explore/locations/c680510/cornelladellobregat-spain/?hl=es,,
Beniferri,https://www.instagram.com/explore/locations/c674290/beniferri-spain/?hl=es,,
Almenara,https://www.instagram.com/explore/locations/c2869634/almenara-spain/?hl=es,,
Visma,https://www.instagram.com/explore/locations/c702009/visma-spain/?hl=es,,
Ripollet,https://www.instagram.com/explore/locations/c694964/ripollet-spain/?hl=es,,
TrobajodelCamino,https://www.instagram.com/explore/locations/c699238/trobajodelcamino-spain/?hl=es,,
Ejido,https://www.instagram.com/explore/locations/c681884/ejido-spain/?hl=es,,
MirandadeEbro,https://www.instagram.com/explore/locations/c690278/mirandadeebro-spain/?hl=es,,
CarabanchelAlto,https://www.instagram.com/explore/locations/c676122/carabanchelalto-spain/?hl=es,,
PortoPetro,https://www.instagram.com/explore/locations/c693532/portopetro-spain/?hl=es,,
laVernedailaPau,https://www.instagram.com/explore/locations/c2866479/lavernedailapau-spain/?hl=es,,
SantaEugenia,https://www.instagram.com/explore/locations/c2869751/santaeugenia-spain/?hl=es,,
ALDAIA,https://www.instagram.com/explore/locations/c2684628/aldaia-spain/?hl=es,,
Balneario,https://www.instagram.com/explore/locations/c673291/balneario-spain/?hl=es,,
Yecla,https://www.instagram.com/explore/locations/c702102/yecla-spain/?hl=es,,
elPoblenou,https://www.instagram.com/explore/locations/c2866481/elpoblenou-spain/?hl=es,,
Valls,https://www.instagram.com/explore/locations/c700022/valls-spain/?hl=es,,
Campamento,https://www.instagram.com/explore/locations/c682040/campamento-spain/?hl=es,,
Pisón,https://www.instagram.com/explore/locations/c693243/pison-spain/?hl=es,,
SantVicençdelsHorts,https://www.instagram.com/explore/locations/c697202/santvicencdelshorts-spain/?hl=es,,
LasChozas,https://www.instagram.com/explore/locations/c687430/laschozas-spain/?hl=es,,
LaLaguna,https://www.instagram.com/explore/locations/c686682/lalaguna-spain/?hl=es,,
Almendrales,https://www.instagram.com/explore/locations/c2869929/almendrales-spain/?hl=es,,
LaAsomada,https://www.instagram.com/explore/locations/c686079/laasomada-spain/?hl=es,,
MolínsdeRey,https://www.instagram.com/explore/locations/c690412/molinsderey-spain/?hl=es,,
Canovellas,https://www.instagram.com/explore/locations/c676045/canovellas-spain/?hl=es,,
Catarroja,https://www.instagram.com/explore/locations/c679495/catarroja-spain/?hl=es,,
Palamós,https://www.instagram.com/explore/locations/c692281/palamos-spain/?hl=es,,
Concepción,https://www.instagram.com/explore/locations/c2869702/concepcion-spain/?hl=es,,
Sárdoma,https://www.instagram.com/explore/locations/c697263/sardoma-spain/?hl=es,,
SantMartídeProvençals,https://www.instagram.com/explore/locations/c2866824/santmartideprovencals-spain/?hl=es,,
LaGabarra,https://www.instagram.com/explore/locations/c686487/lagabarra-spain/?hl=es,,
Burriana,https://www.instagram.com/explore/locations/c675145/burriana-spain/?hl=es,,
Collado-Villalba,https://www.instagram.com/explore/locations/c680281/collado-villalba-spain/?hl=es,,
CortijodelArenal,https://www.instagram.com/explore/locations/c680967/cortijodelarenal-spain/?hl=es,,
SantaFedelosBoliches,https://www.instagram.com/explore/locations/c696710/santafedelosboliches-spain/?hl=es,,
ValldeUxó,https://www.instagram.com/explore/locations/c699915/valldeuxo-spain/?hl=es,,
PeñaGrande,https://www.instagram.com/explore/locations/c692792/penagrande-spain/?hl=es,,
Centre-llevantina,https://www.instagram.com/explore/locations/c2924694/centre-llevantina-spain/?hl=es,,
Arcos,https://www.instagram.com/explore/locations/c2869933/arcos-spain/?hl=es,,
SantQuirzedelVallès,https://www.instagram.com/explore/locations/c696452/santquirzedelvalles-spain/?hl=es,,
Mahón,https://www.instagram.com/explore/locations/c689246/mahon-spain/?hl=es,,
Gadir,https://www.instagram.com/explore/locations/c684226/gadir-spain/?hl=es,,
elBonPastor,https://www.instagram.com/explore/locations/c2866925/elbonpastor-spain/?hl=es,,
Telde,https://www.instagram.com/explore/locations/c698403/telde-spain/?hl=es,,
Palafrugell,https://www.instagram.com/explore/locations/c692280/palafrugell-spain/?hl=es,,
SanBaudilio,https://www.instagram.com/explore/locations/c695686/sanbaudilio-spain/?hl=es,,
ElPobleNou,https://www.instagram.com/explore/locations/c682561/elpoblenou-spain/?hl=es,,
Castilla,https://www.instagram.com/explore/locations/c2869971/castilla-spain/?hl=es,,
LaPatacona,https://www.instagram.com/explore/locations/c2910726/lapatacona-spain/?hl=es,,
LasLagunas,https://www.instagram.com/explore/locations/c2897511/laslagunas-spain/?hl=es,,
Alboraya,https://www.instagram.com/explore/locations/c671402/alboraya-spain/?hl=es,,
Bañoles,https://www.instagram.com/explore/locations/c673344/banoles-spain/?hl=es,,
Illescas,https://www.instagram.com/explore/locations/c685609/illescas-spain/?hl=es,,
Vich,https://www.instagram.com/explore/locations/c700472/vich-spain/?hl=es,,
Calella,https://www.instagram.com/explore/locations/c675547/calella-spain/?hl=es,,
LaTorre,https://www.instagram.com/explore/locations/c2936418/latorre-spain/?hl=es,,
LaEscala,https://www.instagram.com/explore/locations/c686399/laescala-spain/?hl=es,,
CalaRatjada,https://www.instagram.com/explore/locations/c675498/calaratjada-spain/?hl=es,,
Crevillente,https://www.instagram.com/explore/locations/c681298/crevillente-spain/?hl=es,,
Colina,https://www.instagram.com/explore/locations/c2869724/colina-spain/?hl=es,,
Uxola,https://www.instagram.com/explore/locations/c699535/uxola-spain/?hl=es,,
Horta,https://www.instagram.com/explore/locations/c2866791/horta-spain/?hl=es,,
Numancia,https://www.instagram.com/explore/locations/c2869681/numancia-spain/?hl=es,,
Európolis,https://www.instagram.com/explore/locations/c2927922/europolis-spain/?hl=es,,
Bujursot,https://www.instagram.com/explore/locations/c675085/bujursot-spain/?hl=es,,
AlhaurínelGrande,https://www.instagram.com/explore/locations/c671795/alhaurinelgrande-spain/?hl=es,,
Torrelavega,https://www.instagram.com/explore/locations/c698893/torrelavega-spain/?hl=es,,
ColoniaAlfar,https://www.instagram.com/explore/locations/c680316/coloniaalfar-spain/?hl=es,,
Rentería,https://www.instagram.com/explore/locations/c694626/renteria-spain/?hl=es,,
Ibi,https://www.instagram.com/explore/locations/c685536/ibi-spain/?hl=es,,
Malgrat,https://www.instagram.com/explore/locations/c689290/malgrat-spain/?hl=es,,
Hellín,https://www.instagram.com/explore/locations/c685100/hellin-spain/?hl=es,,
SantAndreu,https://www.instagram.com/explore/locations/c696905/santandreu-spain/?hl=es,,
Benavente,https://www.instagram.com/explore/locations/c674236/benavente-spain/?hl=es,,
Villarrobledo,https://www.instagram.com/explore/locations/c701646/villarrobledo-spain/?hl=es,,
elBesòsielMaresme,https://www.instagram.com/explore/locations/c2866487/elbesosielmaresme-spain/?hl=es,,
PuertoReal,https://www.instagram.com/explore/locations/c694000/puertoreal-spain/?hl=es,,
Cantera,https://www.instagram.com/explore/locations/c676071/cantera-spain/?hl=es,,
Águilas,https://www.instagram.com/explore/locations/c671187/aguilas-spain/?hl=es,,
Carmona,https://www.instagram.com/explore/locations/c676286/carmona-spain/?hl=es,,
Peñíscola,https://www.instagram.com/explore/locations/c692872/peniscola-spain/?hl=es,,
Legazpi,https://www.instagram.com/explore/locations/c2869949/legazpi-spain/?hl=es,,
CaseríoTablada,https://www.instagram.com/explore/locations/c678937/caseriotablada-spain/?hl=es,,
Chipiona,https://www.instagram.com/explore/locations/c679957/chipiona-spain/?hl=es,,
Coín,https://www.instagram.com/explore/locations/c680240/coin-spain/?hl=es,,
Carabanchel,https://www.instagram.com/explore/locations/c676123/carabanchel-spain/?hl=es,,
ProvençalsdelPoblenou,https://www.instagram.com/explore/locations/c2866493/provencalsdelpoblenou-spain/?hl=es,,
ElPalo,https://www.instagram.com/explore/locations/c682494/elpalo-spain/?hl=es,,
Peñagrande,https://www.instagram.com/explore/locations/c2869912/penagrande-spain/?hl=es,,
LaBiznaga,https://www.instagram.com/explore/locations/c2914311/labiznaga-spain/?hl=es,,
SanCarlosdelaRápita,https://www.instagram.com/explore/locations/c695706/sancarlosdelarapita-spain/?hl=es,,
laFontdelaGuatlla,https://www.instagram.com/explore/locations/c2866503/lafontdelaguatlla-spain/?hl=es,,
ElMasnou,https://www.instagram.com/explore/locations/c689768/elmasnou-spain/?hl=es,,
Albaizin,https://www.instagram.com/explore/locations/c671308/albaizin-spain/?hl=es,,
VentasdeCordovilla,https://www.instagram.com/explore/locations/c700362/ventasdecordovilla-spain/?hl=es,,
Onda,https://www.instagram.com/explore/locations/c691849/onda-spain/?hl=es,,
Alcañiz,https://www.instagram.com/explore/locations/c671457/alcaniz-spain/?hl=es,,
AlhauríndelaTorre,https://www.instagram.com/explore/locations/c671794/alhaurindelatorre-spain/?hl=es,,
Barbastro,https://www.instagram.com/explore/locations/c673424/barbastro-spain/?hl=es,,
Novelda,https://www.instagram.com/explore/locations/c691554/novelda-spain/?hl=es,,
ElAlbayzín,https://www.instagram.com/explore/locations/c681906/elalbayzin-spain/?hl=es,,
VillanuevadelaSerena,https://www.instagram.com/explore/locations/c701239/villanuevadelaserena-spain/?hl=es,,
Astrabudua,https://www.instagram.com/explore/locations/c673012/astrabudua-spain/?hl=es,,
Castro-Urdiales,https://www.instagram.com/explore/locations/c679479/castro-urdiales-spain/?hl=es,,
Totana,https://www.instagram.com/explore/locations/c699045/totana-spain/?hl=es,,
CiudadJardín,https://www.instagram.com/explore/locations/c680126/ciudadjardin-spain/?hl=es,,
PuebloNuevo,https://www.instagram.com/explore/locations/c693852/pueblonuevo-spain/?hl=es,,
elGuinardo,https://www.instagram.com/explore/locations/c2866792/elguinardo-spain/?hl=es,,
BarrioVistaHarmosa,https://www.instagram.com/explore/locations/c673932/barriovistaharmosa-spain/?hl=es,,
VillaNuevadeSanAndrés,https://www.instagram.com/explore/locations/c701301/villanuevadesanandres-spain/?hl=es,,
Palomas,https://www.instagram.com/explore/locations/c2869625/palomas-spain/?hl=es,,
Echavacoiz,https://www.instagram.com/explore/locations/c681840/echavacoiz-spain/?hl=es,,
Callella,https://www.instagram.com/explore/locations/c675571/callella-spain/?hl=es,,
PuertoRosario,https://www.instagram.com/explore/locations/c694002/puertorosario-spain/?hl=es,,
LosRosales,https://www.instagram.com/explore/locations/c695180/losrosales-spain/?hl=es,,
laMarinadePort,https://www.instagram.com/explore/locations/c2866562/lamarinadeport-spain/?hl=es,,
CaseríoCondomina,https://www.instagram.com/explore/locations/c677482/caseriocondomina-spain/?hl=es,,
Hellín,https://www.instagram.com/explore/locations/c2869737/hellin-spain/?hl=es,,
RincóndelaVictoria,https://www.instagram.com/explore/locations/c694863/rincondelavictoria-spain/?hl=es,,
Balaguer,https://www.instagram.com/explore/locations/c673250/balaguer-spain/?hl=es,,
CiudaddeCeuta,https://www.instagram.com/explore/locations/c680121/ciudaddeceuta-spain/?hl=es,,
�?viladelosSantos,https://www.instagram.com/explore/locations/c673086/viladelossantos-spain/?hl=es,,
Navalcarnero,https://www.instagram.com/explore/locations/c691254/navalcarnero-spain/?hl=es,,
Picafor,https://www.instagram.com/explore/locations/c693043/picafor-spain/?hl=es,,
Cieza,https://www.instagram.com/explore/locations/c680023/cieza-spain/?hl=es,,
CaseríoLasAbiertas,https://www.instagram.com/explore/locations/c678146/caseriolasabiertas-spain/?hl=es,,
Santurce-Antiguo,https://www.instagram.com/explore/locations/c697175/santurce-antiguo-spain/?hl=es,,
Calatayud,https://www.instagram.com/explore/locations/c675505/calatayud-spain/?hl=es,,
SanIsidro,https://www.instagram.com/explore/locations/c2869717/sanisidro-spain/?hl=es,,
PinedadeMar,https://www.instagram.com/explore/locations/c2687594/pinedademar-spain/?hl=es,,
Tárrega,https://www.instagram.com/explore/locations/c698319/tarrega-spain/?hl=es,,
Montilla,https://www.instagram.com/explore/locations/c690709/montilla-spain/?hl=es,,
HaciendaLosRosales,https://www.instagram.com/explore/locations/c685065/haciendalosrosales-spain/?hl=es,,
Berga,https://www.instagram.com/explore/locations/c674401/berga-spain/?hl=es,,
Guadiaro,https://www.instagram.com/explore/locations/c684877/guadiaro-spain/?hl=es,,
PuntaUmbría,https://www.instagram.com/explore/locations/c694074/puntaumbria-spain/?hl=es,,
Mollet,https://www.instagram.com/explore/locations/c690423/mollet-spain/?hl=es,,
Montequinto,https://www.instagram.com/explore/locations/c2894075/montequinto-spain/?hl=es,,
Chirivella,https://www.instagram.com/explore/locations/c679964/chirivella-spain/?hl=es,,
Baza,https://www.instagram.com/explore/locations/c674023/baza-spain/?hl=es,,
Albir,https://www.instagram.com/explore/locations/c671385/albir-spain/?hl=es,,
LesCorts,https://www.instagram.com/explore/locations/c687439/lescorts-spain/?hl=es,,
PalomerasBajas,https://www.instagram.com/explore/locations/c2869722/palomerasbajas-spain/?hl=es,,
Portazgo,https://www.instagram.com/explore/locations/c2869728/portazgo-spain/?hl=es,,
LaOrotava,https://www.instagram.com/explore/locations/c686987/laorotava-spain/?hl=es,,
Prosperidad,https://www.instagram.com/explore/locations/c687101/prosperidad-spain/?hl=es,,
OViso,https://www.instagram.com/explore/locations/c2904509/oviso-spain/?hl=es,,
Clot,https://www.instagram.com/explore/locations/c680154/clot-spain/?hl=es,,
Sueca,https://www.instagram.com/explore/locations/c698063/sueca-spain/?hl=es,,
Bellavista,https://www.instagram.com/explore/locations/c2885748/bellavista-spain/?hl=es,,
BarriodeLaFortuna,https://www.instagram.com/explore/locations/c2914959/barriodelafortuna-spain/?hl=es,,
PuertodelRosario,https://www.instagram.com/explore/locations/c693963/puertodelrosario-spain/?hl=es,,
Gandía,https://www.instagram.com/explore/locations/c684350/gandia-spain/?hl=es,,
Algemesí,https://www.instagram.com/explore/locations/c671766/algemesi-spain/?hl=es,,
Ventas,https://www.instagram.com/explore/locations/c673895/ventas-spain/?hl=es,,
Espinardo,https://www.instagram.com/explore/locations/c683159/espinardo-spain/?hl=es,,
UrbanizaciónLosBalcones,https://www.instagram.com/explore/locations/c2896126/urbanizacionlosbalcones-spain/?hl=es,,
MedinadelCampo,https://www.instagram.com/explore/locations/c689968/medinadelcampo-spain/?hl=es,,
Lepe,https://www.instagram.com/explore/locations/c688055/lepe-spain/?hl=es,,
Carballo,https://www.instagram.com/explore/locations/c676186/carballo-spain/?hl=es,,
SanAndrésdelaBarca,https://www.instagram.com/explore/locations/c695611/sanandresdelabarca-spain/?hl=es,,
LaRochapea,https://www.instagram.com/explore/locations/c687236/larochapea-spain/?hl=es,,
Vila-Seca,https://www.instagram.com/explore/locations/c700649/vila-seca-spain/?hl=es,,
SanJuandeAlicante,https://www.instagram.com/explore/locations/c695985/sanjuandealicante-spain/?hl=es,,
SanFelíudeGuixols,https://www.instagram.com/explore/locations/c695881/sanfeliudeguixols-spain/?hl=es,,
Jaca,https://www.instagram.com/explore/locations/c685790/jaca-spain/?hl=es,,
LosCármenes,https://www.instagram.com/explore/locations/c2869716/loscarmenes-spain/?hl=es,,
Coya,https://www.instagram.com/explore/locations/c681277/coya-spain/?hl=es,,
Torremolinos-Málaga,https://www.instagram.com/explore/locations/c698922/torremolinos-malaga-spain/?hl=es,,
ArenysdeMar,https://www.instagram.com/explore/locations/c672576/arenysdemar-spain/?hl=es,,
Villajoyosa,https://www.instagram.com/explore/locations/c700939/villajoyosa-spain/?hl=es,,
PlayadeAro,https://www.instagram.com/explore/locations/c693282/playadearo-spain/?hl=es,,
LaGuirra,https://www.instagram.com/explore/locations/c686563/laguirra-spain/?hl=es,,
Churriana,https://www.instagram.com/explore/locations/c679995/churriana-spain/?hl=es,,
Tossa,https://www.instagram.com/explore/locations/c699043/tossa-spain/?hl=es,,
MorrodeJable,https://www.instagram.com/explore/locations/c690909/morrodejable-spain/?hl=es,,
Paiporta,https://www.instagram.com/explore/locations/c692208/paiporta-spain/?hl=es,,
Navas,https://www.instagram.com/explore/locations/c2866793/navas-spain/?hl=es,,
CaseríoSanCristobal,https://www.instagram.com/explore/locations/c678802/caseriosancristobal-spain/?hl=es,,
SanLorenzodelEscorial,https://www.instagram.com/explore/locations/c696098/sanlorenzodelescorial-spain/?hl=es,,
ConildelaFrontera,https://www.instagram.com/explore/locations/c680396/conildelafrontera-spain/?hl=es,,
LaHiguerita,https://www.instagram.com/explore/locations/c686605/lahiguerita-spain/?hl=es,,
CastellardelVallès,https://www.instagram.com/explore/locations/c679206/castellardelvalles-spain/?hl=es,,
Guadix,https://www.instagram.com/explore/locations/c684879/guadix-spain/?hl=es,,
PuertaBonita,https://www.instagram.com/explore/locations/c2869821/puertabonita-spain/?hl=es,,
Benidorm,https://www.instagram.com/explore/locations/c674280/benidorm-spain/?hl=es,,
BarrioBenalúa,https://www.instagram.com/explore/locations/c673697/barriobenalua-spain/?hl=es,,
PriegodeCórdoba,https://www.instagram.com/explore/locations/c693761/priegodecordoba-spain/?hl=es,,
Pozoblanco,https://www.instagram.com/explore/locations/c693611/pozoblanco-spain/?hl=es,,
SanPascual,https://www.instagram.com/explore/locations/c2869704/sanpascual-spain/?hl=es,,
Cardedeu,https://www.instagram.com/explore/locations/c676237/cardedeu-spain/?hl=es,,
Sestao,https://www.instagram.com/explore/locations/c697571/sestao-spain/?hl=es,,
SantaEugeniadeTer,https://www.instagram.com/explore/locations/c696680/santaeugeniadeter-spain/?hl=es,,
Arguineguín,https://www.instagram.com/explore/locations/c672655/arguineguin-spain/?hl=es,,
CanRoqueta,https://www.instagram.com/explore/locations/c2908794/canroqueta-spain/?hl=es,,
Canyet,https://www.instagram.com/explore/locations/c675991/canyet-spain/?hl=es,,
Puigcerdá,https://www.instagram.com/explore/locations/c694014/puigcerda-spain/?hl=es,,
VallcarcaielsPenitents,https://www.instagram.com/explore/locations/c2866474/vallcarcaielspenitents-spain/?hl=es,,
Almoradí,https://www.instagram.com/explore/locations/c671951/almoradi-spain/?hl=es,,
ElCamaleón,https://www.instagram.com/explore/locations/c2888284/elcamaleon-spain/?hl=es,,
Hospitalet,https://www.instagram.com/explore/locations/c685349/hospitalet-spain/?hl=es,,
Sagunto,https://www.instagram.com/explore/locations/c695393/sagunto-spain/?hl=es,,
CasasdelasColoradas,https://www.instagram.com/explore/locations/c2907069/casasdelascoloradas-spain/?hl=es,,
Atalaya,https://www.instagram.com/explore/locations/c2869926/atalaya-spain/?hl=es,,
HumanesdeMadrid,https://www.instagram.com/explore/locations/c685508/humanesdemadrid-spain/?hl=es,,
LasGalletas,https://www.instagram.com/explore/locations/c687512/lasgalletas-spain/?hl=es,,
IcoddelosVinos,https://www.instagram.com/explore/locations/c685554/icoddelosvinos-spain/?hl=es,,
Jumilla,https://www.instagram.com/explore/locations/c685949/jumilla-spain/?hl=es,,
Varea,https://www.instagram.com/explore/locations/c700130/varea-spain/?hl=es,,
Maracena,https://www.instagram.com/explore/locations/c689448/maracena-spain/?hl=es,,
SantaMaríadeBenquerencia,https://www.instagram.com/explore/locations/c2926330/santamariadebenquerencia-spain/?hl=es,,
Manzanares,https://www.instagram.com/explore/locations/c689417/manzanares-spain/?hl=es,,
Benimamet,https://www.instagram.com/explore/locations/c674300/benimamet-spain/?hl=es,,
SanIsidro,https://www.instagram.com/explore/locations/c695956/sanisidro-spain/?hl=es,,
BarrioPeñaGrande,https://www.instagram.com/explore/locations/c673890/barriopenagrande-spain/?hl=es,,
VillanuevadelaCañada,https://www.instagram.com/explore/locations/c701222/villanuevadelacanada-spain/?hl=es,,
Mirasierra,https://www.instagram.com/explore/locations/c2869626/mirasierra-spain/?hl=es,,
Estartit,https://www.instagram.com/explore/locations/c683296/estartit-spain/?hl=es,,
Vila-real,https://www.instagram.com/explore/locations/c701635/vila-real-spain/?hl=es,,
Lluchmayor,https://www.instagram.com/explore/locations/c688353/lluchmayor-spain/?hl=es,,
AlcalálaReal,https://www.instagram.com/explore/locations/c671449/alcalalareal-spain/?hl=es,,
CaldesdeMontbui,https://www.instagram.com/explore/locations/c675518/caldesdemontbui-spain/?hl=es,,
SANJOSEDELARINCONADA,https://www.instagram.com/explore/locations/c2684630/sanjosedelarinconada-spain/?hl=es,,
HaciendaCortés,https://www.instagram.com/explore/locations/c2894246/haciendacortes-spain/?hl=es,,
Monzón,https://www.instagram.com/explore/locations/c690762/monzon-spain/?hl=es,,
SanCarlos,https://www.instagram.com/explore/locations/c695709/sancarlos-spain/?hl=es,,
Mollerusa,https://www.instagram.com/explore/locations/c690419/mollerusa-spain/?hl=es,,
Cabra,https://www.instagram.com/explore/locations/c675365/cabra-spain/?hl=es,,
Lapice,https://www.instagram.com/explore/locations/c687054/lapice-spain/?hl=es,,
Galapagar,https://www.instagram.com/explore/locations/c684244/galapagar-spain/?hl=es,,
Pedralbes,https://www.instagram.com/explore/locations/c2866926/pedralbes-spain/?hl=es,,
NiñoJesús,https://www.instagram.com/explore/locations/c2869921/ninojesus-spain/?hl=es,,
SanJuandeAznalfarache,https://www.instagram.com/explore/locations/c695986/sanjuandeaznalfarache-spain/?hl=es,,
Almansa,https://www.instagram.com/explore/locations/c671877/almansa-spain/?hl=es,,
PratdelLlobregat,https://www.instagram.com/explore/locations/c693719/pratdelllobregat-spain/?hl=es,,
Zafra,https://www.instagram.com/explore/locations/c702166/zafra-spain/?hl=es,,
SantJustDesvern,https://www.instagram.com/explore/locations/c697099/santjustdesvern-spain/?hl=es,,
SanFermín,https://www.instagram.com/explore/locations/c2869910/sanfermin-spain/?hl=es,,
SantAdriadelBesòs,https://www.instagram.com/explore/locations/c695582/santadriadelbesos-spain/?hl=es,,
CaseríoMairena,https://www.instagram.com/explore/locations/c678510/caseriomairena-spain/?hl=es,,
Mojácar,https://www.instagram.com/explore/locations/c690358/mojacar-spain/?hl=es,,
Simancas,https://www.instagram.com/explore/locations/c2869736/simancas-spain/?hl=es,,
Santoña,https://www.instagram.com/explore/locations/c697121/santona-spain/?hl=es,,
CaseríoLaFlecha,https://www.instagram.com/explore/locations/c678056/caseriolaflecha-spain/?hl=es,,
CortijadaElBarrancodelCaballar,https://www.instagram.com/explore/locations/c680671/cortijadaelbarrancodelcaballar-spain/?hl=es,,
Lalín,https://www.instagram.com/explore/locations/c686703/lalin-spain/?hl=es,,
Muriedas,https://www.instagram.com/explore/locations/c691081/muriedas-spain/?hl=es,,
Barajas,https://www.instagram.com/explore/locations/c673391/barajas-spain/?hl=es,,
Premiá,https://www.instagram.com/explore/locations/c693738/premia-spain/?hl=es,,
Manlleu,https://www.instagram.com/explore/locations/c689384/manlleu-spain/?hl=es,,
Tarancón,https://www.instagram.com/explore/locations/c698281/tarancon-spain/?hl=es,,
CuartdePoblet,https://www.instagram.com/explore/locations/c681338/cuartdepoblet-spain/?hl=es,,
RambladeBenipila,https://www.instagram.com/explore/locations/c694374/rambladebenipila-spain/?hl=es,,
Conil,https://www.instagram.com/explore/locations/c680394/conil-spain/?hl=es,,
Martos,https://www.instagram.com/explore/locations/c689595/martos-spain/?hl=es,,
SanJosé,https://www.instagram.com/explore/locations/c695977/sanjose-spain/?hl=es,,
Toremolinos-Málaga,https://www.instagram.com/explore/locations/c698688/toremolinos-malaga-spain/?hl=es,,
ElSardinero,https://www.instagram.com/explore/locations/c682720/elsardinero-spain/?hl=es,,
Concepción,https://www.instagram.com/explore/locations/c2894243/concepcion-spain/?hl=es,,
Cangas,https://www.instagram.com/explore/locations/c676004/cangas-spain/?hl=es,,
SantaPerpètuadeMogoda,https://www.instagram.com/explore/locations/c696935/santaperpetuademogoda-spain/?hl=es,,
PalmadelRío,https://www.instagram.com/explore/locations/c692338/palmadelrio-spain/?hl=es,,
PozuelodeAlarcón,https://www.instagram.com/explore/locations/c693647/pozuelodealarcon-spain/?hl=es,,
MoróndelaFrontera,https://www.instagram.com/explore/locations/c690895/morondelafrontera-spain/?hl=es,,
CascoHistóricodeVicálvaro,https://www.instagram.com/explore/locations/c2869917/cascohistoricodevicalvaro-spain/?hl=es,,
Vilagarcía,https://www.instagram.com/explore/locations/c2940902/vilagarcia-spain/?hl=es,,
Rinconcillo,https://www.instagram.com/explore/locations/c694861/rinconcillo-spain/?hl=es,,
Roses,https://www.instagram.com/explore/locations/c2999080/roses-spain/?hl=es,,
CasasPlayas,https://www.instagram.com/explore/locations/c677051/casasplayas-spain/?hl=es,,
AlcarazdeSanJuan,https://www.instagram.com/explore/locations/c671469/alcarazdesanjuan-spain/?hl=es,,
Torre-Pacheco,https://www.instagram.com/explore/locations/c698936/torre-pacheco-spain/?hl=es,,
ElPuertodeMazarrón,https://www.instagram.com/explore/locations/c682606/elpuertodemazarron-spain/?hl=es,,
Haro,https://www.instagram.com/explore/locations/c685082/haro-spain/?hl=es,,
Picassent,https://www.instagram.com/explore/locations/c2684610/picassent-spain/?hl=es,,
Sóller,https://www.instagram.com/explore/locations/c697842/soller-spain/?hl=es,,
PortAndraitx,https://www.instagram.com/explore/locations/c693486/portandraitx-spain/?hl=es,,
UrbanizaciónFeliu,https://www.instagram.com/explore/locations/c699427/urbanizacionfeliu-spain/?hl=es,,
Lugones,https://www.instagram.com/explore/locations/c689130/lugones-spain/?hl=es,,
Sarria,https://www.instagram.com/explore/locations/c697289/sarria-spain/?hl=es,,
NavalmoraldelaMata,https://www.instagram.com/explore/locations/c691272/navalmoraldelamata-spain/?hl=es,,
Bailén,https://www.instagram.com/explore/locations/c673235/bailen-spain/?hl=es,,
SantaColomadeFarnés,https://www.instagram.com/explore/locations/c696579/santacolomadefarnes-spain/?hl=es,,
BarrioPavones,https://www.instagram.com/explore/locations/c673887/barriopavones-spain/?hl=es,,
GranAlacant,https://www.instagram.com/explore/locations/c2935131/granalacant-spain/?hl=es,,
Ciempozuelos,https://www.instagram.com/explore/locations/c680017/ciempozuelos-spain/?hl=es,,
Osuna,https://www.instagram.com/explore/locations/c692063/osuna-spain/?hl=es,,
Tomares,https://www.instagram.com/explore/locations/c698628/tomares-spain/?hl=es,,
ElAlted,https://www.instagram.com/explore/locations/c681921/elalted-spain/?hl=es,,
Betanzos,https://www.instagram.com/explore/locations/c674529/betanzos-spain/?hl=es,,
Taco,https://www.instagram.com/explore/locations/c2921641/taco-spain/?hl=es,,
Roses,https://www.instagram.com/explore/locations/c695185/roses-spain/?hl=es,,
Valdezarza,https://www.instagram.com/explore/locations/c2869641/valdezarza-spain/?hl=es,,
Valdemarín,https://www.instagram.com/explore/locations/c2869920/valdemarin-spain/?hl=es,,
Albolote,https://www.instagram.com/explore/locations/c671396/albolote-spain/?hl=es,,
Atocha,https://www.instagram.com/explore/locations/c2869964/atocha-spain/?hl=es,,
CaseríoMolinar,https://www.instagram.com/explore/locations/c678561/caseriomolinar-spain/?hl=es,,
TetuándelasVictorias,https://www.instagram.com/explore/locations/c698477/tetuandelasvictorias-spain/?hl=es,,
LaAmetlladeMar,https://www.instagram.com/explore/locations/c686057/laametllademar-spain/?hl=es,,
Gausach,https://www.instagram.com/explore/locations/c684464/gausach-spain/?hl=es,,
UrbanizaciónParquedeCoimbra,https://www.instagram.com/explore/locations/c2890330/urbanizacionparquedecoimbra-spain/?hl=es,,
Burlada,https://www.instagram.com/explore/locations/c675142/burlada-spain/?hl=es,,
Almika,https://www.instagram.com/explore/locations/c2918208/almika-spain/?hl=es,,
Verín,https://www.instagram.com/explore/locations/c700437/verin-spain/?hl=es,,
LosLlanosdeAridane,https://www.instagram.com/explore/locations/c688776/losllanosdearidane-spain/?hl=es,,
Juslibol,https://www.instagram.com/explore/locations/c685976/juslibol-spain/?hl=es,,
Marchena,https://www.instagram.com/explore/locations/c689479/marchena-spain/?hl=es,,
Arroyomolinos,https://www.instagram.com/explore/locations/c672878/arroyomolinos-spain/?hl=es,,
Ali,https://www.instagram.com/explore/locations/c671802/ali-spain/?hl=es,,
CasaBlanca,https://www.instagram.com/explore/locations/c676430/casablanca-spain/?hl=es,,
ElGrao,https://www.instagram.com/explore/locations/c682309/elgrao-spain/?hl=es,,
LasRehoyas,https://www.instagram.com/explore/locations/c687683/lasrehoyas-spain/?hl=es,,
ElMédano,https://www.instagram.com/explore/locations/c682414/elmedano-spain/?hl=es,,
ElCarrizal,https://www.instagram.com/explore/locations/c682098/elcarrizal-spain/?hl=es,,
Arnedo,https://www.instagram.com/explore/locations/c672752/arnedo-spain/?hl=es,,
Piovera,https://www.instagram.com/explore/locations/c2869924/piovera-spain/?hl=es,,
CortijodeCampogaz,https://www.instagram.com/explore/locations/c680917/cortijodecampogaz-spain/?hl=es,,
LoradelRío,https://www.instagram.com/explore/locations/c688492/loradelrio-spain/?hl=es,,
Chamartín,https://www.instagram.com/explore/locations/c679842/chamartin-spain/?hl=es,,
Daimiel,https://www.instagram.com/explore/locations/c681580/daimiel-spain/?hl=es,,
LaCava,https://www.instagram.com/explore/locations/c686267/lacava-spain/?hl=es,,
CarbajosadelaSagrada,https://www.instagram.com/explore/locations/c676174/carbajosadelasagrada-spain/?hl=es,,
VillafrancaLosPalacios,https://www.instagram.com/explore/locations/c700855/villafrancalospalacios-spain/?hl=es,,
LaLíneadelaConcepción,https://www.instagram.com/explore/locations/c686701/lalineadelaconcepcion-spain/?hl=es,,
Basauri,https://www.instagram.com/explore/locations/c673957/basauri-spain/?hl=es,,
Puente-Genil,https://www.instagram.com/explore/locations/c693898/puente-genil-spain/?hl=es,,
SeodeUrgel,https://www.instagram.com/explore/locations/c697475/seodeurgel-spain/?hl=es,,
AlhamadeMurcia,https://www.instagram.com/explore/locations/c671790/alhamademurcia-spain/?hl=es,,
laBordeta,https://www.instagram.com/explore/locations/c2866802/labordeta-spain/?hl=es,,
Palmones,https://www.instagram.com/explore/locations/c692348/palmones-spain/?hl=es,,
LaLlagosta,https://www.instagram.com/explore/locations/c686707/lallagosta-spain/?hl=es,,
Matadepera,https://www.instagram.com/explore/locations/c689797/matadepera-spain/?hl=es,,
Coria,https://www.instagram.com/explore/locations/c680489/coria-spain/?hl=es,,
Miguelturra,https://www.instagram.com/explore/locations/c690169/miguelturra-spain/?hl=es,,
Jadú,https://www.instagram.com/explore/locations/c685794/jadu-spain/?hl=es,,
Almeiras,https://www.instagram.com/explore/locations/c671906/almeiras-spain/?hl=es,,
Puzol,https://www.instagram.com/explore/locations/c694088/puzol-spain/?hl=es,,
LagunadeDuero,https://www.instagram.com/explore/locations/c686567/lagunadeduero-spain/?hl=es,,
BarrioLosMontoyos,https://www.instagram.com/explore/locations/c673859/barriolosmontoyos-spain/?hl=es,,
Adra,https://www.instagram.com/explore/locations/c671072/adra-spain/?hl=es,,
Ribera,https://www.instagram.com/explore/locations/c694805/ribera-spain/?hl=es,,
BarbatedeFranco,https://www.instagram.com/explore/locations/c673426/barbatedefranco-spain/?hl=es,,
Torredembarra,https://www.instagram.com/explore/locations/c698843/torredembarra-spain/?hl=es,,
VillafrancadelPenadés,https://www.instagram.com/explore/locations/c700852/villafrancadelpenades-spain/?hl=es,,
Arechavaleta,https://www.instagram.com/explore/locations/c672538/arechavaleta-spain/?hl=es,,
Marín,https://www.instagram.com/explore/locations/c689523/marin-spain/?hl=es,,
Torrelamata,https://www.instagram.com/explore/locations/c698889/torrelamata-spain/?hl=es,,
Cotafe,https://www.instagram.com/explore/locations/c681206/cotafe-spain/?hl=es,,
LasNieves,https://www.instagram.com/explore/locations/c2890334/lasnieves-spain/?hl=es,,
LaPoveda,https://www.instagram.com/explore/locations/c687095/lapoveda-spain/?hl=es,,
Pomeriada,https://www.instagram.com/explore/locations/c693414/pomeriada-spain/?hl=es,,
LaCala,https://www.instagram.com/explore/locations/c2938812/lacala-spain/?hl=es,,
MairenadelAljarafe,https://www.instagram.com/explore/locations/c689255/mairenadelaljarafe-spain/?hl=es,,
Campello,https://www.instagram.com/explore/locations/c675705/campello-spain/?hl=es,,
ElPalmar,https://www.instagram.com/explore/locations/c682488/elpalmar-spain/?hl=es,,
Alacuás,https://www.instagram.com/explore/locations/c671251/alacuas-spain/?hl=es,,
SanJerónimo,https://www.instagram.com/explore/locations/c695966/sanjeronimo-spain/?hl=es,,
ElCarmel,https://www.instagram.com/explore/locations/c2866930/elcarmel-spain/?hl=es,,
Cambados,https://www.instagram.com/explore/locations/c675648/cambados-spain/?hl=es,,
Gáldar,https://www.instagram.com/explore/locations/c684260/galdar-spain/?hl=es,,
Arinaga,https://www.instagram.com/explore/locations/c672676/arinaga-spain/?hl=es,,
Villaviciosa,https://www.instagram.com/explore/locations/c701833/villaviciosa-spain/?hl=es,,
CanPeguera,https://www.instagram.com/explore/locations/c2866494/canpeguera-spain/?hl=es,,
LaBañeza,https://www.instagram.com/explore/locations/c686105/labaneza-spain/?hl=es,,
ElChaparral,https://www.instagram.com/explore/locations/c2896334/elchaparral-spain/?hl=es,,
Archena,https://www.instagram.com/explore/locations/c672482/archena-spain/?hl=es,,
SanLuisdeSabinillas,https://www.instagram.com/explore/locations/c696124/sanluisdesabinillas-spain/?hl=es,,
LaJunquera,https://www.instagram.com/explore/locations/c686679/lajunquera-spain/?hl=es,,
Ceuta,https://www.instagram.com/explore/locations/c679820/ceuta-spain/?hl=es,,
Turiellos,https://www.instagram.com/explore/locations/c699300/turiellos-spain/?hl=es,,
Elviria,https://www.instagram.com/explore/locations/c2894342/elviria-spain/?hl=es,,
Bayona,https://www.instagram.com/explore/locations/c674018/bayona-spain/?hl=es,,
PuertodeCampos,https://www.instagram.com/explore/locations/c693942/puertodecampos-spain/?hl=es,,
Guardamar,https://www.instagram.com/explore/locations/c684905/guardamar-spain/?hl=es,,
XinzodeLimia,https://www.instagram.com/explore/locations/c684577/xinzodelimia-spain/?hl=es,,
Santomera,https://www.instagram.com/explore/locations/c697118/santomera-spain/?hl=es,,
SantaGertrudis,https://www.instagram.com/explore/locations/c696720/santagertrudis-spain/?hl=es,,
LasQuemadas,https://www.instagram.com/explore/locations/c687674/lasquemadas-spain/?hl=es,,
Socuéllamos,https://www.instagram.com/explore/locations/c697780/socuellamos-spain/?hl=es,,
ElEjido,https://www.instagram.com/explore/locations/c682239/elejido-spain/?hl=es,,
Valldoreix,https://www.instagram.com/explore/locations/c699918/valldoreix-spain/?hl=es,,
Orcasitas,https://www.instagram.com/explore/locations/c2869794/orcasitas-spain/?hl=es,,
Septa,https://www.instagram.com/explore/locations/c697477/septa-spain/?hl=es,,
laGuineueta,https://www.instagram.com/explore/locations/c2866853/laguineueta-spain/?hl=es,,
RIBA-ROJADETURIA,https://www.instagram.com/explore/locations/c2684607/riba-rojadeturia-spain/?hl=es,,
BarriadadeFyffes,https://www.instagram.com/explore/locations/c2888166/barriadadefyffes-spain/?hl=es,,
Churra,https://www.instagram.com/explore/locations/c679993/churra-spain/?hl=es,,
EsPujols,https://www.instagram.com/explore/locations/c2728076/espujols-spain/?hl=es,,
Pájara,https://www.instagram.com/explore/locations/c2713864/pajara-spain/?hl=es,,
Binéfar,https://www.instagram.com/explore/locations/c674585/binefar-spain/?hl=es,,
SaPobla,https://www.instagram.com/explore/locations/c687121/sapobla-spain/?hl=es,,
LasTorresdeCotillas,https://www.instagram.com/explore/locations/c687716/lastorresdecotillas-spain/?hl=es,,
Alayor,https://www.instagram.com/explore/locations/c671291/alayor-spain/?hl=es,,
ElBotánico,https://www.instagram.com/explore/locations/c682003/elbotanico-spain/?hl=es,,
SanlúcarlaMayor,https://www.instagram.com/explore/locations/c696121/sanlucarlamayor-spain/?hl=es,,
Mieres,https://www.instagram.com/explore/locations/c690161/mieres-spain/?hl=es,,
Chiclana,https://www.instagram.com/explore/locations/c679931/chiclana-spain/?hl=es,,
Azuqueca,https://www.instagram.com/explore/locations/c673184/azuqueca-spain/?hl=es,,
LaValldHebron,https://www.instagram.com/explore/locations/c2866921/lavalldhebron-spain/?hl=es,,
Santafé,https://www.instagram.com/explore/locations/c696714/santafe-spain/?hl=es,,
Torrelodones,https://www.instagram.com/explore/locations/c698903/torrelodones-spain/?hl=es,,
BarrancoGrande,https://www.instagram.com/explore/locations/c673567/barrancogrande-spain/?hl=es,,
NuevaSegovia,https://www.instagram.com/explore/locations/c2934254/nuevasegovia-spain/?hl=es,,
ElBarcodeValdeorras,https://www.instagram.com/explore/locations/c681958/elbarcodevaldeorras-spain/?hl=es,,
LaRevista,https://www.instagram.com/explore/locations/c687197/larevista-spain/?hl=es,,
LasEntinas,https://www.instagram.com/explore/locations/c687480/lasentinas-spain/?hl=es,,
