,Count
a,2664
o,2523
de,2296
guarda,1902
rosal,1325
mi√±o,1093
baixo,1082
coru√±a,1032
la,684
en,447
-,438
vigo,343
pontevedra,342
playa,336
galicia,304
spain,298
san,266
da,265
las,252
santa,252
ribadeo,223
the,217
do,213
lugo,213
del,209
faro,207
oia,207
baiona,199
el,194
iglesia,177
catedrales,173
(galicia-espa√±a),167
(espa√±a),151
/,145
mar√≠a,143
das,137
praia,132
alsa,131
cabo,125
(2),123
y,123
airbus,119
2022,116
torre,111
plaza,103
espa√±a,100
(pontevedra-espa√±a),99
punta,94
orz√°n,91
cambados,83
h√©rcules,80
vista,80
(1),79
arriva,78
cruz,78
escudo,76
santiago,75
catedrais,75
ferrol,75
desde,74
los,73
detalle,71
castro,71
aerospatiale,70
ecureuil,70
in,70
squirrel,70
mar,69
n√∫mero,68
fisterra,68
2,66
c√≠es,65
of,65
helicopters,65
h125,65
bas√≠lica,64
and,63
coru√±a),62
casa,60
f-hire,59
as350,59
isla,59
monbus,58
corunna,57
puerto,56
ons,56
arousa,54
(la,54
√©zaro,53
paseo,51
boeing,50
muxia,50
costa,50
by,49
"""a",48
al,48
fachada,47
ruinas,46
r√∫a,46
sol,44
na,44
a320,44
branco,43
finisterre,43
(3),43
procesi√≥n,43
portada,43
con,43
miguel,43
ii,42
illa,42
monte,41
virgen,41
se,41
bombardier,41
seixo,41
view,40
noia,40
ec-mxk,40
(a,40
vilagarc√≠a,40
muros,39
mux√≠a,38
08,38
islas,37
solpor,37
por,37
2021-08-01,37
general,37
porto,37
(illa,37
no,37
dos,36
museo,36
peugeot,36
capilla,36
beach,36
on,36
waterfall,35
mari√±a,35
global,35
camino,34
cristobal,34
r√≠o,34
xallas,34
combarro,34
river,34
to,33
virxe,33
area,33
nueva,32
2021,32
cessna,32
avril,32
vivero,32
riazor,31
un,31
fisac,31
coru√±a-espa√±a),31
marisqui√±o,30
passeig,30
sunset,30
convento,30
"mulleres""",30
roteiro,30
ermita,30
betanzos,29
sb,29
arteixo,29
calle,29
from,29
(4),29
biblioteca,28
ec-iaf,28
ferrol_2022,28
arquitectura,28
platges,27
canadair,27
lanzada,27
bares,27
r√≠a,27
747-200,27
corrubedo,27
at,27
altar,26
mirador,26
barca,26
dozo,26
i,26
casares,26
laxe,26
puente,25
street,25
praza,25
bellas,25
r5,25
manifestaci√≥n,25
degustaci√≥,25
familia,25
men√∫,25
7500,25
bd700,25
n203je,25
arco,24
puesta,24
as,24
pancha,24
day,24
francisco,24
citation,24
lighthouse,23
1,23
pazo,23
[etapa,23
home,23
picnic,22
sagrada,22
e,22
cans,22
santuario,22
lapas,22
una,22
iluminaci√≥n,21
navide√±a,21
3,21
interior,21
marina,21
atardecer,21
roque,21
citro√´n,21
insua,21
pedro,21
panor√°mica,20
peregrina,20
arrivas,20
d√≠a,20
cl-215t,20
(islas,20
baro√±a,20
loiba,20
games,20
real,20
adj,19
rosal√≠a,19
modern√≠sta,19
neo,19
ec-lbv,19
verde,19
2022_036,19
nao,19
domingos,19
fiestas,18
porta,18
crucero,18
hace,18
retablo,18
hotel,18
sea,18
mbb,18
bomberos,18
bk-117,18
artes,18
nocturn,17
ensenada,17
2020,17
hercules,17
teucro,17
cipri√°n,17
pontevedra),17
navarra,17
f-85,17
letras,17
galegas,17
que,17
illas,17
&,17
perillo,17
atracciones,17
redondela,17
mar√≠timo,17
caminando,17
pita,16
ec225,16
(5),16
puma,16
luc√≠a,16
jorge,16
eurocopter,16
super,16
azzam,16
castillo,16
marti√±o,16
flores,16
avenida,16
maio,16
spain),16
amanita,16
coro√±o,16
banco,16
via,15
palacio,15
sobre,15
550,15
nariga,15
gaviota,15
non,15
edificio,15
ortegal,15
√°bside,15
fuente,15
me,15
meninas,15
pasos,15
castros,14
dassault,14
lectura,14
embraer,14
ud13-21,14
fortress,14
falcon,14
212,14
col√≥n,14
"vende""",14
ciprian,14
alfonso,14
moran,14
fundaci√≥n,14
northern,14
"exiliada""",13
nocturna,13
municipal,13
modernista,13
world,13
rinlo,13
"""mar√≠a",13
club,13
elvi√±a,13
conferencia,13
andr√©s,13
tower,13
victor,13
moscoso,13
f-105,13
crist√≥bal,13
white,13
05_faro,13
estaca,13
soledad,13
jes√∫s,13
exposici√≥n,13
monumento,13
expreso,13
sky,13
gulfstream,13
acantilados,13
(pontevedra),13
rio,13
barra√±a,13
city,13
lateral,13
ortigueira,12
sant√≠sima,12
ec-mcr,12
cristo,12
nazareno,12
ford,12
fefi√±anes,12
‚Üí,12
h√≥rreo,12
monasterio,12
757-200,12
twin,12
armas,12
ec-isy,12
),12
cascada,12
ec-lee,12
espa√±a),12
2022-09-12,12
cereixo,12
m√°s,12
acceso,12
is,12
(explore),12
cangas,12
breiro,12
luz,12
incendio,12
206,12
parque,12
vil√°n,12
gti,12
capela,12
para,12
iii,12
castelo,11
(viveiro),11
(feve),11
saxo,11
boiro,11
escultura,11
as355,11
summer,11
(lugo),11
fiesta,11
burela,11
sada,11
morte,11
lugo),11
tarde,11
mostra,11
hdr,11
silleiro,11
(galicia,11
estrecha,11
fool,11
galice,11
4,11
santo,11
maior,11
ca√≠das,11
expo,11
infesta,11
bilbao,11
couso,11
208,11
aerospace,11
alonso,11
aldea,10
vilan,10
(6),10
you,10
noche,10
rincones,10
coitelo,10
pintor,10
viveiro,10
flor,10
antiguo,10
alvia,10
juan,10
se√±ora,10
campo,10
bd-700,10
fabia,10
(ribadeo),10
creek,10
s,10
(,10
with,10
paseos,10
park,10
skoda,10
panoramica,10
cies,10
60,10
blue,10
learjet,10
√°rtabra,10
promenade,10
roncudo,10
rusula,10
(ribadeo,10
rojo,10
concello,10
walking,10
puerta,9
im,9
bell,9
tempos,9
mundo,9
season,9
tidal,9
test,9
surfistas,9
6000,9
louro,9
ponte,9
u20-1,9
miradoiro,9
niebla,9
entre,9
coru√±a_2022,9
vera,9
cabalo,9
fondo,9
dende,9
2022-07-29,9
salinas,9
vicos,9
megayate,9
hu22-07,9
oto√±o,9
(gal√≠cia,9
illote,9
agost,9
veh√≠culo,9
junto,9
pedra,9
737-800,9
campelo,9
8,9
canecillos,9
aules,9
teatro,9
sarmiento,9
touri√±√°n,9
2021),9
dominguez,9
renovades,9
reparaci√≥n,9
cai√≥n,9
sun,9
hacia,9
ruta,9
luces,8
june,8
dinner,8
textos,8
bergondo,8
house,8
xela,8
arias,8
xiao,8
barreiros,8
106,8
door,8
(casco,8
/old,8
01_faro,8
horizonte,8
arena,8
le√±a,8
town),8
primavera,8
compostela,8
lluvia,8
gato,8
mating,8
blasonada,8
fervenza,8
coruna,8
lado,8
lameda,8
man,8
over,8
sar,8
ec-lvs,8
gavia,8
mi,8
temporal,8
semana,8
(9),8
caravela,8
parador,8
galer√≠as,8
illes,8
light,8
galicia),8
agua,8
canabal,8
21_faro,8
dique,8
ciÃÅes,8
renault,8
pandemia,8
grande,8
22_faro,8
llibreria,8
(11),8
rosa,8
actriz,8
reflejos,8
jard√≠n,8
pedras,8
piper,8
bonito,8
colmeiro,8
seoane,8
oc√©ano,8
mini,8
mayor,8
streets,8
b√®stia,8
end,8
water,8
rosas,8
nosa,8
casas,7
nubes,7
jt9d,7
grupo,7
abrigo,7
morning,7
a319,7
ayuntamiento,7
good,7
explore,7
lari√±o,7
terraceo,7
rural,7
morrazo,7
rande,7
5,7
nacional,7
cat,7
raxaria,7
amanecer,7
surf,7
450,7
ara√±a,7
ull√≥,7
foz,7
ladeira,7
legacy,7
caballo,7
rock,7
emb-545,7
d-bfil,7
tombo,7
my,7
grove,7
vuelta,7
neves,7
rocas,7
6,7
20_faro,7
mercado,7
7,7
luna,7
pesquero,7
fotografia,7
malpica,7
night,7
molin√©,7
galiza,7
grobbits,7
ventana,7
volkswagen,7
auditorio,7
llorens,7
out,7
nissan,7
cruising,7
iona,7
otro,7
16_faro,7
verano,7
moraime,7
series,7
rostro,7
900,7
c√¥tes,7
11/2021,7
hb-jsu,7
seahawk,7
11,7
(10),7
r2,7
robaleira,7
pratt,7
sopar,7
llmer,7
westland),7
aw139(augusta,7
arosa,7
hellmer,7
melide,7
expocoru√±a,7
whitney,7
mari√±√°n,7
iv,7
cristina,7
ec-ncg,7
benito,7
erj-195,7
capiteles,7
vacinaci√≥n,7
ant√≥n,7
cave,6
santas,6
2008,6
panorama,6
sta,6
hist√≥rico,6
original,6
lines,6
olas,6
hsm-79,6
polic√≠a,6
igrexa,6
166535/hg/722,6
entierro,6
time,6
ec-izh,6
pilar,6
ala,6
mor√°s,6
mh-60r,6
pardo,6
d-chzf,6
usn,6
bravo,6
agusta,6
westland,6
d√≠az,6
cargadoiro,6
bar√≥n,6
lolita,6
norte,6
aw139,6
sunrise,6
frio,6
bicos,6
uno,6
bali√±o,6
celeiro,6
sama√≠n,6
barri√©,6
ec-mhu,6
f-ggvg,6
swearingen,6
church,6
sa226-t,6
merlin,6
iiia,6
suzuki,6
golden,6
594,6
"""mi",6
querida,6
daniel,6
26,6
maza,6
ec-mhv,6
(betanzos),6
pereiro,6
fervenzas,6
modernism,6
maria,6
noria,6
waiting,6
siluetas,6
express,6
g550,6
g500,6
28_faro,6
g-v-sp,6
g-v,6
portugues,6
taberna,6
another,6
lobo,6
camari√±as,6
5],6
p√∫blica,6
son,6
tobeira,6
muelle,6
clio,6
412ep,6
patos,6
vilacoba,6
way,6
celta,6
x,6
abanca,6
wolf,6
morrofino,6
balaidos,6
26_faro,6
rocha,6
02,6
last,6
foto,6
2021-biblioteca,6
love,6
fora,6
islands,6
(7),6
piaggio,6
p180,6
avanti,6
ec-kum,6
"vitola""",6
ud13-23,6
cape,6
calocera,6
terra,6
cl-415,6
bmw,6
bustos,6
ventanas,6
waves,6
ud14-01,6
n5,6
agui√±o,6
2022-09-13,6
2020üá™üá∏,6
nikon,6
bodyscape,6
santos,6
spider,6
lactarius,6
serralleiras,5
12_faro,5
cielo,5
ramallosa,5
os,5
27_faro,5
45,5
cometa,5
rest,5
vistes,5
carlos,5
su,5
cs-tfr,5
path,5
boeiro,5
aurinia,5
lobeira,5
ni√±o,5
paxari√±as,5
melitaea,5
deione,5
sepulcral,5
euphydryas,5
pontia,5
(20),5
daplidice,5
(12),5
lesbian,5
dunas,5
vicente,5
gallega,5
anys,5
semillas,5
architecture,5
frente,5
fountain,5
alley,5
alameda,5
areas,5
excursi√≥n,5
nautico,5
ocean,5
carnota,5
arqueol√≥gico,5
monument,5
old,5
07_faro,5
rebordinÃÉo,5
lagoa,5
01,5
cementerio,5
fotos),5
traba,5
am√©rica,5
ix,5
v,5
dumbr√≠a,5
galician,5
carril,5
maestranza,5
flowers,5
xard√≠ns,5
territo,5
10744,5
rain,5
otokar,5
again,5
narrow,5
nuevo,5
lic√≥sido,5
nigr√°n,5
for,5
pulperia,5
chico,5
cooper,5
com√∫n,5
navidad,5
(8),5
otra,5
ec-ida,5
not,5
farol,5
swift,5
amaro,5
d-bahb,5
obra,5
2000lx,5
ermida,5
|,5
moon,5
(pontevedra,5
c√°ntigas,5
compricado,5
caso,5
concierto,5
siradella,5
rinc√≥n,5
villano,5
this,5
cedeira,5
exilio,5
m,5
7],5
isabel,5
back,5
zona,5
nicol√°s,5
atlantic,5
new,5
covid,5
ollos,5
h√©roes,5
jump,5
n142qs,5
sikorsky,5
touri√±an,5
colegiata,5
barqueiro,5
lagares,5
porti√±o,5
clouds,5
mural,5
vistas,5
08_faro,5
pindo,5
ec-krj,5
male,5
rubicola,5
ec-jmk,5
saxicola,5
pedreira,5
marqu√©s,5
calles,5
rallye,5
d-cpmu,5
boca,5
be,5
ria,5
teixido,5
fco,5
explorer,5
neowise,4
19_faro,4
04_faro,4
centro,4
off,4
barcos,4
(finisterre),4
(16),4
23_faro,4
(illas,4
¬ø¬ø¬ø¬ø,4
stand,4
7086,4
poetry,4
vigo),4
coast,4
dumb,4
faros,4
vitrasa,4
(dos,4
archer,4
placa,4
dirt,4
03_faro,4
see,4
ec-cjb,4
saulnier,4
v√≠a,4
twice,4
vilar,4
caadama,4
urbana,4
control,4
pasado,4
ms880b,4
ceÃÅe,4
"""the",4
ec-naa,4
xii,4
pontedeume,4
em,4
152,4
atl√°ntico,4
numb,4
punto,4
morane,4
natal,4
bajamar,4
peito,4
once,4
europa,4
iphiclides,4
gelat,4
1910,4
(combarro),4
contos,4
merendas,4
happy,4
balcony,4
barco,4
0931,4
manuel,4
bartolomeu,4
2020-07-30,4
n440qs,4
g-iv,4
little,4
s-76,4
municipais,4
bibliotecas,4
traballadoras,4
concentraci√≥n,4
caracola,4
francis,4
presentaci√≥n_exposici√≥n,4
paz,4
poniente,4
sur,4
isaac,4
miradas,4
horreo,4
coprinellus,4
superior,4
capuchinas,4
batalla_naval_a,4
agaricus,4
sanxenxo,4
17_faro,4
pilgrims,4
between,4
fonte,4
15_faro,4
past,4
muscaria,4
(13),4
or,4
cant√°brico,4
lepista,4
clitocybe,4
fragans,4
trycholoma,4
plazoleta,4
mugartegui,4
catalina,4
r√∫as,4
boleto,4
edulis,4
t16,4
ax,4
rose,4
vti,4
kiosco,4
hospital,4
argentinogerm√†nic,4
moderno,4
sebasti√°n,4
d810,4
escuela,4
pie,4
3274,4
todas,4
vilanova,4
ec-kel,4
cn-235,4
es,4
11162,4
ofixo,4
edifici,4
there,4
vella,4
0935,4
0925,4
esteiro,4
ribeira,4
bel√©n,4
d√°rsena,4
ragazzo,4
mera,4
2022-09-10,4
caelle,4
comida,4
atalaia,4
azul,4
sisbrill,4
(vilanova,4
ep√≠stola,4
(o,4
escudos,4
toxa,4
local,4
√°bsides,4
viejo,4
capitel,4
ap√≥stol,4
valladares-sarmiento,4
valladares,4
principal,4
sotomayor,4
evangelio,4
10_faro,4
meisel,4
confinamiento,4
(23),4
primer,4
it,4
parrote,4
14,4
macrolepiota,4
pastor,4
blanca,4
viento,4
tranvias,4
ec-jet,4
byn,4
walk,4
8-8-2022,4
an,4
sin,4
cj2,4
lobadiz,4
green,4
villa,4
(papel),4
bus,4
natural,4
reloj,4
cidade,4
863,4
525a,4
d-ikbo,4
cj3,4
525b,4
(vigo,4
cs-dvh,4
03,4
skyhawk,4
172r,4
cs-eds,4
rota,4
esperando,4
cruceiro,4
black,4
stone,4
take,4
rico,4
bah√≠a,4
22,4
bayona,4
small,4
vi,4
rainbow,4
awesome,4
estilo,4
doni√±os,4
wonderful,4
protecci√≥n,4
civil,4
presentaci√≥n,4
spanish,4
2022_06_25_img_2752,4
102,4
journey,4
(ma√±√≥n),4
part,4
andrade,4
forest,4
4823,4
dia,4
4-8-2020,4
(ferrol),4
cliffs,4
cantabrian,4
ec-klb,4
frouxeira,4
desembocadura,4
like,4
f-hima,4
bye,4
le,4
sculpture,4
pantelis,3
platja,3
k,3
fuerza,3
julio,3
access,3
espuma,3
major,3
go,3
parte,3
away,3
escult√≥rico,3
heroes,3
6557,3
ok-mpm,3
contraluz,3
marisc,3
lobeiras,3
lost,3
surfeiros,3
baldaio,3
sombras,3
2018,3
cristales,3
11291,3
castrosua,3
facho,3
ia,3
alvedro,3
rivas,3
(poio),3
avanza,3
c√°mara,3
rocks,3
naturaleza,3
entorno,3
vientos,3
llor√©ns,3
√°,3
gabeiras,3
bajo,3
campanario,3
without,3
ex-convento,3
g200,3
encanto,3
longarar,3
so,3
10877,3
cultura,3
florecilla,3
3028,3
mucho,3
cheyenne,3
near,3
pa-42,3
station,3
gallego,3
orzan,3
sepulcro,3
viscosa,3
herminia,3
ave,3
flixbus,3
787,3
meir√°s,3
13_faro,3
ferrer√≠a,3
tenlo,3
viladesuso,3
casual,3
vila,3
breogan,3
tormenta,3
0867,3
reflections,3
chanteiro,3
0728,3
tambo,3
lactea,3
colias,3
9-8-2022,3
hour,3
13,3
best,3
11937,3
ma√±ana,3
0885,3
anochecer,3
vega,3
0878,3
emilia,3
mezcla,3
estilos,3
pan,3
foggy,3
balconades,3
graffiti,3
leon,3
chroogomphus,3
rutilus,3
ec-ndj,3
11936,3
cortinarius,3
monteferro,3
uegc,3
favolaschia,3
guixar,3
abajo,3
sport,3
madre,3
boletus,3
nuda,3
llena,3
travidi,3
fernando,3
√°lvarez,3
balieiros,3
same,3
ba√±o,3
nocturno,3
central,3
xiaomi,3
12,3
2019,3
embarcadero,3
red,3
antigua,3
3369,3
peatonal,3
empty,3
town,3
along,3
paso,3
10636,3
saponaceum,3
10620,3
feliz,3
quintanal,3
castrelos,3
poes√≠a,3
6-8-2020,3
bouzas,3
6565,3
per,3
leaving,3
ferida,3
ec-mvq,3
life,3
flower,3
normandos,3
run,3
mi√±a,3
salvamar,3
betelgeuse,3
jesus,3
views,3
udra,3
pueblo,3
c,3
773,3
kratos,3
0921,3
montoto,3
swing,3
sinfon√≠a,3
le√≥n,3
785,3
ra√≠ces,3
bn,3
cantharellus,3
damas,3
cid√°,3
rubences,3
christmas,3
mellea,3
vuelvepiedras,3
camelle,3
xs,3
(mux√≠a),3
buses,3
what,3
buque,3
15,3
escribano,3
faxilda,3
busardo,3
micaceus,3
glasgow,3
ratonero,3
fish,3
quiroga,3
corunÃÉa,3
peque√±o,3
capelada,3
noches,3
negro,3
2012,3
march,3
10,3
sempre,3
crep√∫sculo,3
09-232,3
modernismo,3
homenaje,3
alianzas,3
l√°ctea,3
croceus,3
reflejo,3
ec-ndn,3
sepia,3
rainy,3
your,3
ec-mvy,3
espi√±eirido,3
here,3
(galicia),3
toralla,3
lions,3
irene,3
ver,3
pesca,3
feisthamelii,3
dusk,3
piedad,3
(palacio,3
varios,3
wont,3
condes,3
maceda),3
ao,3
refresc,3
millennium,3
ancoradoiro,3
tecla,3
2021-08-04,3
campillo,3
#aollosdegorrion,3
06,3
05,3
alrededores,3
rocamar,3
serra,3
prado,3
winter,3
juvenile,3
hu22-04,3
cabina,3
swan,3
carmen,3
labaca,3
pa-28,3
twilight,3
ec-msx,3
landscape,3
conserva,3
(cangas,3
(explore,3
thrice,3
lago,3
ec-msc,3
darousa,3
25,3
fishing,3
corredor,3
going,3
down,3
6],3
18_faro,3
under,3
arambillet,3
accidente,3
norses,3
linaria,3
cannabina,3
horizon,3
vao,3
playas,3
iris,3
st,3
one,3
ec-nix,3
estay,3
cala,3
hidden,3
edificios,3
a√±o,3
invierno,3
tiempo,3
subrido,3
cantones,3
fooled,3
dark,3
(silene,3
ruber,3
aguas,3
clathrus,3
xurxo,3
"boot""",3
(ferrol-galicia-spain),3
collejas,3
(24),3
cant√≥n,3
hypholoma,3
inauguraci√≥n,3
cami√±o,3
mi√±or,3
irizar,3
earth,3
(25),3
final,3
chapel,3
piedra,3
uniflora),3
domus,3
future,3
(muros),3
polyommatus,3
its,3
¬ø¬ø,3
‚Ä¶,3
figueroa,3
blackbird,3
(dumbr√≠a),3
1],3
galericulata,3
ezaro,3
mycena,3
(22),3
icarus,3
impudicus,3
marcos,3
barona,3
alto,3
phallus,3
adri√°n,3
(21),3
2022-09-09,3
synergym,3
(19),3
(17),3
rodas,3
tree,3
procera,3
sand,3
oz√≥n,3
b√≥veda,3
estaci√≥n,3
nuestra,3
3],3
ser,3
caracol,3
605,3
du,3
farola,3
07,3
was,3
wall,3
fog,3
poca,3
(14),3
mirando,3
amb,3
ciencias,3
low,3
2020-08-03,3
entrada,3
sampedro,3
fire,3
tide,3
stairs,2
bovinus,2
grey,2
coming,2
samain,2
omelette,2
smells,2
peixe,2
redes,2
plant,2
rubens,2
buraca,2
millenium,2
machaon,2
neme,2
1636,2
colores,2
portonovo,2
desnudo,2
double,2
velero,2
cerveza,2
mus√©e,2
brava,2
cofano,2
art,2
f√°brica,2
louredo,2
ardeleiro,2
+,2
opening,2
tony,2
(portonovo),2
pablo,2
papilio,2
russula,2
navia,2
libertad,2
salsa,2
2022-09-08,2
navegaci√≥n,2
macro,2
2],2
leucoprinus,2
hilton,2
cream,2
fasciculares,2
entoloma,2
hall,2
dual,2
titubans,2
bolbitius,2
contemplation,2
leocadia,2
are,2
moelleri,2
fruits,2
elle,2
pholiota,2
need,2
bueu,2
mist,2
patiamarilla,2
ruca,2
(cakile),2
hygrometricus,2
free,2
amorosas,2
three,2
bank,2
mother,2
cyanoxanta,2
perks,2
peace,2
frutos,2
normalidad,2
cabra,2
sampaio,2
market,2
still,2
granja,2
hygrocybe,2
surfers,2
close,2
buscando,2
oruga,2
orange,2
fly,2
muy,2
016,2
tierra,2
menhir,2
freno,2
polo,2
(camari√±as),2
barra,2
redera,2
welcome,2
archeri,2
(cangas)_1,2
viii,2
cepistipes,2
across,2
reira,2
tapinella,2
listo,2
r4lly,2
balcones,2
espacio,2
(cangas)_3,2
piedras,2
negras,2
bonitos,2
benavente,2
balc√≥n,2
ingleses,2
c3,2
llega,2
mis,2
oceanogr√°fico,2
ruedas,2
fontenla,2
everything,2
religiosa,2
mantis,2
warm,2
clathus,2
(cari√±o),2
colors,2
varias,2
taking,2
bosque,2
mareas,2
vivas,2
sigma,2
guided,2
that,2
(cangas)_2,2
call,2
endexamais,2
015,2
room,2
infinito,2
img_2936,2
(cangas)_4,2
ready,2
(37),2
037,2
flying,2
casco,2
pluteos,2
0122,2
thymelicus,2
betanzos-,2
(panxoÃÅn)_1,2
rayos,2
intercentury,2
cyathigerum,2
enallagma,2
(panxoÃÅn)_2,2
xurros,2
(panxoÃÅn)_3,2
concerto,2
arsenal,2
fernandes,2
130,2
am,2
presbiterio,2
esmorzar,2
ti,2
cervinos,2
menos,2
vieja,2
caminos,2
619,2
√°ngulo,2
cartells,2
sympetrum,2
cuatro,2
üåÖ,2
(panxoÃÅn)_5,2
09,2
010,2
cyanoxsnhta,2
014,2
enmascarada,2
3182,2
futuro,2
azogue,2
723,2
columnas,2
secret,2
s√£o,2
11386,2
present,2
emetica,2
movilidad,2
urban,2
mobility,2
-betanzos-,2
0907,2
molino,2
boucelo,2
mui√±o,2
fama,2
10623,2
riego,2
arcoiris,2
4042,2
galego,2
debate,2
"memoria""",2
6566,2
relax,2
momento,2
neix√≥n,2
11944,2
2022_06_25_img_2795,2
3387,2
onbus,2
mui√±os,2
vento,2
ccosta,2
estelas,2
666,2
"""pol√≠ticas",2
p√∫blicas,2
losa,2
donde,2
bateas,2
faro-ciÃÅes)_3,2
desayuno,2
vilgarc√≠a,2
aires,2
pasarela,2
buenos,2
parrillada,2
leave,2
villagarc√≠a,2
chulet√≥n,2
ruÃÅa,2
09_faro,2
faro-ciÃÅes)_11,2
meloxo,2
faro-ciÃÅes)_2,2
vaca,2
11933,2
dorus,2
coenonympha,2
plage,2
√†,2
lycaena,2
sendero,2
lepiota,2
statilinus,2
hipparchia,2
(18),2
escudero,2
subiendo,2
diversidad,2
campa,2
peter,2
lindbergh,2
rubia,2
viejos,2
senderos,2
27,2
faro-ciÃÅes)_4,2
rua,2
pensando,2
sonia,2
inevitable,2
grove),2
toja,2
commuter,2
p√©s,2
11288,2
ojos,2
faro-ciÃÅes)_1,2
2843,2
calor,2
comer,2
eneko,2
peregrino,2
pati,2
ulloa,2
emberiza,2
cirlus,2
female,2
img_0729,2
escolas,2
lineatum,2
graphosoma,2
paloma,2
christian,2
radich,2
boltonii,2
cordulegaster,2
automotores,2
volvo,2
anclas,2
ships,2
0863,2
aegeria,2
islote,2
2006,2
seis,2
3272,2
alsas,2
pillado,2
cambre,2
armillaria,2
hyundai,2
i20,2
citrina,2
turistico,2
11165,2
rimosa,2
0794,2
325i,2
rs,2
quieticolor,2
margarita,2
tricholoma,2
hepatica,2
bus),2
(rental,2
conductor,2
picacea,2
autobus,2
empresa,2
lavandera,2
ceres,2
2808,2
alquiler,2
propia,2
entidad,2
estadio,2
fiat,2
n6,2
mitsubishi,2
lancer,2
evo,2
clytocive,2
fistulina,2
higrocybe,2
jazz,2
637,2
siglo,2
fluvial,2
molinos,2
sanpayo,2
goyanes,2
aurantiaca,2
stropharia,2
(15),2
thrush,2
_mg_0191,2
g-cam,2
terreum,2
11384,2
sounds,2
gloria,2
an√≥nimo,2
11924,2
11939,2
burgo,2
chalana,2
c2,2
laeticolor,2
clavulinopsis,2
0844,2
8104,2
10482,2
car,2
ad√°n,2
churreria,2
naiares,2
boente,2
cesar,2
11923,2
encuentro,2
10617,2
0814,2
11263,2
estatua,2
(29),2
d-bada,2
ec-mxy,2
abiertas,2
3394,2
autocares,2
0929,2
orqu√≠deas,2
mercedes,2
mercedes-benz,2
suegra,2
626,2
waters,2
despu√©s,2
√°gora,2
0787,2
geo,2
dornier,2
do328jet,2
pedazo,2
3516,2
ec-khm,2
cafeÃÅ,2
11295,2
galaxy,2
1126,2
iai,2
israel,2
ec-lbb,2
hu22-09,2
vecino,2
ec-jaz,2
f-hbai,2
jos√©,2
1803,2
ec-iek,2
sprinter,2
0922,2
socorristas,2
10622,2
2733,2
september,2
tren,2
dream,2
roll,2
meijide,2
percebeiras,2
11289,2
m√≥vil,2
pescando,2
misterious,2
entering,2
vivienda,2
(tower,2
hydro,2
3253,2
2882,2
0924,2
h√≥rreos,2
Íï•,2
padr√≥n,2
enjoy,2
serie,2
excavadoras,2
2901,2
magnificent,2
2909,2
umbrella,2
0927,2
√°ngel,2
vist,2
710,2
606,2
mentes,2
criminais,2
power,2
when,2
different,2
comide,2
1950,2
pasaje,2
(foz),2
1942,2
ally,2
verdes,2
deseo,2
toyota,2
10454,2
landcruiser,2
albo,2
aos,2
farolas,2
bogas,2
781,2
corcubi√≥n,2
escaleiras,2
rey,2
adoraci√≥n,2
port,2
tres,2
primera,2
valdovi√±o,2
damian,2
fotos,2
cabeza,2
faj√≥n,2
comba,2
2015,2
version,2
people,2
tegra,2
centolla,2
located,2
(30),2
arquivolta,2
m√©nsula,2
virxen,2
india,2
martin,2
septiembre,2
muro,2
dornas,2
"frouxeira""",2
11290,2
amarok,2
lugo_dxo,2
national,2
m√≠,2
08-09-2022,2
our,2
mixta,2
2000,2
n200lx,2
ec-klt,2
(corcubi√≥n),2
ec-mtm,2
polarizado,2
llegando,2
(praza,2
polarized,2
aeshna,2
gt,2
salvaje,2
cuando,2
obelisco,2
obelisk,2
catedrales-,2
est√°s,2
mejor,2
horas,2
camelia,2
abre,2
vai,2
dx,2
ex,2
lights,2
we,2
(corcubioÃÅn)_3,2
tarabilla,2
-2,2
fragility,2
selfie,2
peces,2
rial,2
silla,2
crafter,2
ll√°s,2
a330-300,2
magdalenas,2
caseras,2
c-gegi,2
11926,2
(corcubioÃÅn)_2,2
can,2
split,2
carrumeiro,2
auto,2
02_faro,2
papel,2
pila,2
871,2
cloud,2
xoan,2
magic,2
gaiteru,2
startrail,2
09/2020,2
img_0736,2
lugar,2
#3,2
menhires,2
√°rabe,2
roza,2
agust√≠n,2
faro-ciÃÅes)_6,2
subida,2
mismo,2
strength,2
seaway,2
11_faro,2
saÃÅlvora,2
castrelo,2
bagpiper,2
cadr√≠s,2
just,2
beulas,2
(virgen,2
claustro,2
futbol,2
base,2
exit,2
0915,2
company,2
1805,2
verne,2
hierba,2
may,2
monastery,2
boutique,2
arnela,2
noa,2
oliver,2
dinar,2
occidental,2
castle,2
princess,2
blanco,2
fresh,2
solpores,2
amanece,2
wild,2
v2,2
elcano,2
domingo,2
neighborhood,2
ahorros,2
casa-museo,2
caja,2
baz√°n,2
tequila,2
barnacles,2
c√≥ctel,2
21,2
pista,2
lauda,2
belleza,2
agosto4,2
136a,2
atgc,2
cerralbo,2
torres,2
p√∫lpito,2
muerte,2
dorado,2
arcosolio,2
rapadoira,2
opel,2
des,2
(ayuntamiento,2
capitan√≠a,2
p√©,2
huevos,2
building,2
constituci√≥n,2
bath,2
look,2
unas,2
11931,2
10274,2
viaje,2
img_6806,2
9,2
11942,2
espada√±a,2
(baiona,2
2078,2
harbour,2
barri,2
vell,2
conmemorativa,2
olivo,2
temporada,2
inside,2
urz√°iz,2
soto,2
cloudy,2
november,2
noviembre,2
2245,2
deja,2
maremosso,2
(sunset,2
2020-08-15,2
flight,2
urzaiz,2
20220806,2
cargadoiro¬¥s,2
relieve,2
üåøüåø,2
nord√©s,2
kite,2
eva,2
denis,2
start,2
04,2
arango,2
verdurita,2
riega,2
starting,2
romeo,2
alfa,2
cables,2
face,2
caronte,2
galicia-espa√±a),2
cantabrico,2
jugando,2
rough,2
animali√±os,2
ec-mxu,2
obispo,2
colirrojo,2
asturias,2
fonseca,2
tiz√≥n,2
celso,2
garc√≠a,2
poste,2
20211227,2
parking,2
laguna,2
cascata,2
ferven√ßa,2
fond√≥n,2
eibar,2
saint,2
prison,2
pico,2
memoriam,2
paint,2
outono,2
(in,2
24_faro,2
guia,2
maritimo,2
2020),2
como,2
breaking,2
boat,2
roca,2
h,2
two,2
team,2
algas,2
pena,2
furada,2
_xt24434,2
lugares,2
jaque,2
dulce,2
sote√±o,2
snail,2
(carnota),2
group,2
encoro,2
torrente,2
covas,2
prior,2
teixid√≥,2
acqua,2
hill,2
(cedeira),2
gominola,2
mallorca,2
(ii),2
michelena,2
fondeados,2
img_20201129_115742_1,2
cyclist,2
pasenter√≠a,2
orixe,2
year,2
hercule,2
more,2
senda,2
mas,2
herrer√≠a,2
vez,2
300,2
portrait,2
350,2
abandonada,2
abandoned,2
air,2
esp,2
escudoy,2
king,2
pasanter√≠a,2
roset√≥n,2
erizos,2
puesto,2
watcher,2
serenity,2
ec-kjq,2
autumn,2
foam,2
veleros,2
helader√≠a,2
beechcraft,2
ff2021031908784,1
20210819_121638,1
abriendo,1
3407,1
fuera,1
sunday,1
(fisterra,1
nos,1
dji_0828jpg,1
portugalicia,1
51,1
margarida,1
dji_0814jpg,1
3263,1
10232,1
1138,1
3642,1
ƒçast,1
trocito,1
3020,1
also,1
vende,1
alma,1
2032,1
wants,1
10281,1
concentrado,1
sarridal,1
miramos,1
pimientos,1
lassanya,1
3385,1
0812,1
3152,1
19,1
10233,1
3367,1
ff20-083108137,1
c_0213_01,1
deposito,1
flixbux,1
10271,1
ends,1
dji_0833jpg,1
qd8afirm9516-pano,1
c_0214_01,1
ff2019092807278,1
f√≥ra,1
0883,1
10290,1
xt2_33549r,1
where,1
(fisterra)_4,1
lira,1
books,1
xt2_33518-2r,1
infancia,1
fisterre,1
bolette,1
r√†pida,1
pant√≠n,1
duna,1
athos,1
599,1
_mg_1788,1
121s,1
594-101,1
599-007,1
img_20220707_120907,1
despedida,1
dsc_0541,1
(46/52),1
389,1
lires,1
(larinÃÉo)_4,1
surfin,1
mudrost,1
ferrol-,1
tortilla,1
xulia,1
401,1
731,1
500,1
cebolla,1
img_20220707_120650,1
(larinÃÉo)_7,1
ferrl,1
10743,1
dsc_0548,1
(fisterra)_6,1
azzurra,1
jmt,1
1312,1
ff2021031908783,1
patrol,1
lonxa,1
cierre,1
ugledu,1
mar√≠tima,1
3209,1
sardi√±eiro,1
lembrando,1
0926,1
"morte""",1
za,1
priori√±o,1
xt2_33250bw,1
"""costa",1
20200727_194641,1
dji_0836jpg,1
_dsf2749,1
arriaga,1
9362,1
(larinÃÉo)_12,1
11282,1
paquena,1
594-105-9,1
594-012,1
dji_0834jpg,1
8],1
594-105,1
ff2022081600272,1
xt2_33514-2r3,1
(larinÃÉo)_5,1
11281,1
11285,1
sombrilla‚Ä¶,1
dsc_0539,1
dji_0835jpg,1
photo_00257,1
xt2_33250r2,1
xt2_33509-2r,1
xt2_33232-2r3,1
lourido,1
praya,1
563,1
curri,1
interval√≥metro,1
llu√ß,1
suceso,1
zoom,1
pintando,1
brens,1
newer,1
vida,1
fiio,1
x3,1
cargador,1
bater√≠as,1
irisbus,1
1659641485853,1
amarillo,1
20210819_075717_nikon,1
centola,1
marexada,1
2021_06_04aspias08,1
(34),1
034,1
xt2_33568r,1
santacomba3b,1
(11/50),1
perro,1
storm,1
xt2_33527-2r,1
xt2_33558r,1
xt2_33521-2r,1
explore),1
seguindo,1
bater√≠a,1
bo,1
1560,1
camelias,1
xt2_33485-2r2,1
fil√°ntropo,1
ocaso,1
10630,1
1308,1
carrot,1
se√±or√≠a,1
¬°despu√©s,1
xt2_33569r,1
499,1
cake,1
tantos,1
formig√≥n,1
dsc_0558,1
vixiantes,1
"""bra√±as""",1
quinoa,1
xt2_33492r,1
escuelas,1
_luz6593-,1
(corcubioÃÅn)_4,1
141342,1
ram√≥n,1
142304,1
141359,1
ff2021032108792,1
pl√°,1
arr√≤s,1
verja,1
choupa,1
romero,1
fisterra-illa,1
monge,1
amanida,1
dscf1181,1
_luz6085,1
20211020_104531,1
20210819_204534_nikon,1
20210819_213948_nikon,1
mely,1
tour,1
20210819_212952_nikon,1
transcantabrico,1
xt2_33232-2bw,1
20210819_213202_nikon,1
xt2_33245r,1
tall,1
xt2_33236bw,1
20210819_213533_nikon,1
1164,1
xt2_33252bw,1
xt2_33252r2,1
10236,1
xt2_33245bw,1
20210819_200922_nikon,1
023,1
amboage,1
(11290,1
xt2_33255-2r,1
(10265,1
486,1
(rehab),1
(corcubioÃÅn)_1,1
movil,1
xt2_33225-2r,1
xt2_33232-2r4,1
(fisterra)_3,1
0861,1
(fisterra)_1,1
granera,1
2022-08-02_11-01-10,1
20210819_203004_nikon,1
(36),1
ff2022032700373,1
036,1
20210819_170200_nikon,1
1866,1
newspaper,1
5448,1
(35),1
latest,1
bocacalle,1
3288,1
20210819_183408_nikon,1
buzones,1
"""santa",1
"comba""",1
floridos,1
11296,1
035,1
392,1
6598,1
candelaria,1
1159,1
6555,1
20210818_121530_nikon,1
forte,1
20210818_121318_nikon,1
dsc_0750,1
xalo-,1
dsc_0751,1
races,1
(argentina),1
ff2022072200860,1
dsc_0752,1
1163,1
cee,1
rede,1
expressos,1
cuarentena,1
4043,1
dayeri,1
ons)_6,1
(39/52),1
verder√≥n,1
realmente,1
pontenafonso,1
orillas,1
forma,1
tambre,1
¬øque,1
din,1
altas,1
copas,1
escuro,1
arume,1
arpado,1
piensas,1
borneiro,1
anllons,1
furnas,1
(34/52),1
sanguineum+fonscolombii-30-2,1
emboscada,1
tempo,1
urixeira,1
ischnura,1
villain,1
-camari√±as,1
camari√±eando,1
xt2_33292-3r,1
xt2_33317r,1
xt2_33326,1
1659134597321,1
cosas,1
vilano,1
recogiendo,1
¬°a√±o,1
proto,1
vilaÃÅn,1
panoramic,1
itsasargia,1
205,1
c_2499_01,1
870,1
877,1
876,1
(louro)_1,1
queixal,1
06_faro,1
enganche,1
graellsii,1
frog,1
kozmic,1
al√©n,1
(e36),1
surfeando,1
dji_0475r1,1
monteagudo-ciÃÅes))_4,1
9739,1
dji_0414r3,1
monteagudo-ciÃÅes))_3,1
dji_0415r,1
dji_0466-2r2,1
dji_0466-2painted,1
laracha,1
cup,1
nas,1
playero,1
imperator,1
anax,1
bretal,1
choch√≠n,1
diablo,1
caballito,1
carreiro,1
papoula,1
mu√≠√±os,1
salseiras,1
2021-12-26_11-03-07,1
queiruga,1
"""campos",1
bajas,1
rias,1
valle,1
2021-12-26_10-54-58,1
_mg_7185,1
egipcia),1
(langosta,1
frenos,1
soÃÅlo,1
ida,1
"millo""",1
litoral,1
aegyptium,1
9750,1
gorrion,1
anacridium,1
libelula,1
"""lines",1
9751,1
shadows,1
"paranoia""",1
picapinos,1
ons)_8,1
xt2_33326bw,1
dsc_0543,1
ons)_2,1
(41/52),1
furna,1
dorados,1
dragonfly),1
palomar,1
moros,1
biggest,1
second,1
_xt24454,1
mate,1
_xt24460,1
asombro,1
azul-common,1
xv,1
(lib√©lula,1
fant√°stico,1
psx_20220726_212414,1
pozas,1
ardora,1
hora,1
carboal,1
riÃÅo,1
conmemorativo,1
partes,1
photo,1
(42/52),1
square,1
trapped,1
pipeline,1
ff2021042508851,1
cracked,1
ff2021042508860,1
nuit,1
soncastro,1
867,1
16-12-2020,1
#363,1
(ferrol,1
opportunity,1
benches,1
long,1
(2009),1
exposure,1
larga,1
#on,1
cascadas,1
berlingo,1
880,1
879,1
reira_luz5870bn,1
brumoso,1
_dsf2044,1
ventos,1
2021-12-26_11-00-59,1
lol,1
caribbean,1
021,1
riveira,1
granite,1
"cosecha""",1
oculteel,1
ff2021052208866,1
"""luna",1
xt2_33306rbw,1
2021-12-26_11-00-07,1
_dsc2962,1
xt2_33313-2bw,1
xt2_33321-2,1
21-11-2021),1
xt2_33313-2r,1
tardes,1
xt2_33327-2,1
ons)_5,1
xt2_33285-2r,1
lumeboo,1
2021-12-26_11-02-01,1
2021-12-26_11-00-43,1
columba,1
canecillo,1
2021-12-26_10-59-47,1
siguiente,1
(40/52),1
857,1
xt2_33271-3r,1
xt2_33264-2rbw,1
xt2_33273r,1
ingleses‚Ä¶,1
xt2_33271-3bw,1
xt2_33267-2r,1
cabecera,1
dsc_6394,1
serres,1
xt2_33276bw,1
salir,1
020,1
856,1
019,1
vuelve,1
dsc_6393,1
025,1
dsc_6395,1
heavenly,1
faro-ciÃÅes)_9,1
peque√±os,1
saltos,1
_xt24484,1
3656,1
0828,1
0727,1
fuerte,1
_xt24471,1
espera,1
_xt24501,1
espectacular,1
1222,1
campanas,1
(10283,1
0900,1
lemaitre,1
mirall,1
show,1
0668,1
les,1
nostres,1
0100_20191229_2032,1
1659134597280,1
penes,1
edward,1
0876,1
voluntarios,1
chapapote,1
p1050805,1
sabores,1
3327,1
0911,1
20210704_165537,1
img_0723,1
eloy,1
botes,1
img_0721,1
img_0719,1
p1050798,1
p1050799,1
1226,1
ff2021052208902-2,1
noite,1
outro,1
tras,1
(44/52),1
2022_08_14_img_4044,1
xt2_33207r,1
xt2_33207rbw,1
2022_08_14_img_4040,1
neboa-na-ermida,1
bunker,1
boy,1
0903,1
¬øsoledad?,1
0849,1
7724,1
(45/52),1
inmortalizando,1
17-2-2021),1
despueÃÅs,1
medianoche,1
crisbus,1
899,1
9347,1
855,1
20220807,1
pozo,1
045,1
(touri√±an,1
empe√±a,1
uni√≥n,1
736,1
1311,1
903,1
dsc_0544,1
latapecer,1
sr407025-3,1
flic,1
2019-11-22,1
pool,1
2013,1
quem√≥,1
185900,1
representaci√≥n,1
bautista,1
1231,1
wound‚Äù,1
‚Äúthe,1
shore,1
upper,1
tadpoles,1
c_2497_01,1
10237,1
sunstar,1
1205,1
entrando,1
ba√±os,1
(38),1
038,1
abalar,1
da√±ado,1
c_2498_01,1
cuba,1
11922,1
virgin,1
(valdovi√±o-galicia-spain),1
porsche,1
c_0216_01,1
avispa,1
helechos,1
asi√°tica,1
calibrando,1
paradore,1
baione,1
canexol,1
pirata,1
espig√≥n,1
velutina,1
puntal,1
pistachos,1
20210730_194106,1
r+n5,1
20210730_194206,1
serapio,1
cetarea,1
img_20220706_160745,1
img_20220706_160651_1,1
dsc_0547,1
997,1
(tres,1
8844,1
(3/52),1
017,1
balleneros,1
berganti√±os,1
(cangas)_12,1
arranxado,1
pr√≠ncipe,1
cantos,1
needing,1
rodados,1
sisargas,1
026,1
suiza,1
gt3,1
ons)_9,1
9749,1
loneliness,1
20220901130443_0055,1
repibelo,1
2021-05-26,1
monteagudo-ciÃÅes))_1,1
monteagudo-ciÃÅes))_2,1
hispano,1
1800,1
bastion,1
20210704_165619,1
cad√°ver,1
0897,1
0730,1
2022_08_14_img_4047,1
img_20220707_082624,1
jubia,1
topo,1
0887,1
flow,1
0930,1
jmf356119,1
img_0705,1
jmf356113,1
11943,1
img_0687,1
img_0686,1
img_0700,1
img_0694,1
img_0693,1
img_0698,1
img_20220707_090156,1
apuntando,1
20210704165712__mg_0380,1
img_20220707_084151,1
seat,1
1430,1
img_20220706_161141,1
ciudades,1
aura,1
scania,1
comet,1
so√±ar,1
(32),1
(31),1
ha,1
33,1
img_20220706_160937,1
img_20220706_161238,1
img_20220706_161653,1
img_20220706_161054,1
11762,1
img_20220706_161336,1
llegado,1
mascota,1
img_20220706_161802,1
2966,1
img_20220706_150652,1
img_20220706_161659,1
0936,1
c_0215_01,1
p√°jaro,1
callistemon,1
socastro,1
cornide,1
limitless,1
faro-roncadoiro,1
c6,1
dsc_0715,1
758,1
759,1
784,1
"""fuci√±o",1
"porco""",1
fuci√±o,1
757,1
760,1
vicedo),1
paper,1
colexiata,1
coru√±esas,1
np-300,1
goes,1
142352,1
felices,1
buenas,1
todos,1
dente,1
ouro,1
diente,1
cenitais,1
oro,1
xeometr√≠as,1
seals,1
img_1848,1
img_20201102_111548_1,1
dominicos,1
penela,1
ch√£o,1
2007,1
x-trail,1
20210620_112205,1
magos,1
avil√©s,1
miradouro,1
xilloy,1
783,1
waits,1
summit),1
(k2,1
sun-ling,1
pidal,1
men√©ndez,1
juip-40,1
1348,1
2023,1
dsc_0714,1
malec√≥n,1
dsc_0713,1
dsc_0712,1
jmf356041,1
rei,1
1659629907180,1
cari√°tide,1
solitario,1
color,1
qashqai,1
portuaria,1
780,1
20210620_112745,1
style,1
cibrao,1
laevis,1
tosta,1
_mg_7275,1
farallones,1
huevo,1
torno,1
kimchi,1
hummus,1
nicolas,1
20220728_142444-01,1
market),1
bn_mg_1358,1
img_6933,1
(former,1
_mg_1358r,1
gadis,1
_mg_7259,1
pochado,1
turcos,1
lplb2324bn,1
escalfados,1
_mg_7201,1
lucense,1
_mg_1385,1
yogurt,1
aceite,1
garza,1
chili,1
img-5733sepia,1
tabulaci√≥n,1
mercadillo,1
sanciprian,1
mart√≠n,1
agvstin,1
_mg_7262,1
clemente,1
gallineta,1
racionalismo,1
upc-12,1
caddy,1
ostrero,1
paseantes,1
polla,1
_mg_0415,1
205418,1
xuances,1
b√°rbarapuertas,1
‚Ä¶santa,1
img_6989bn,1
img_8489,1
img_2918,1
cantando,1
√°rea,1
157bn,1
cig,1
guillotina,1
dsc_0698,1
nadal,1
juip-91,1
8uip-01,1
xt2_29036-2r,1
mayo2016,1
caaasa,1
equina,1
georgia-1,1
mascarilla,1
205418-1,1
exhibici√≥n,1
canem,1
3bx,1
ues,1
flowering,1
(ca√±√≥n,1
pedros,1
cannons,1
lobia,1
gun,1
daisy,1
siniestrolivos,1
com√∫ndscn1483,1
wagtail,1
(ortigueira),1
curious,1
supositorios,1
ensartado,1
pulpo,1
colorful,1
entertained,1
girl,1
her,1
nereida,1
fiestra,1
bench,1
aberta,1
√≥,1
"world""",1
03srx07558,1
_dsc5199a,1
encarcelada,1
ethernal,1
c√°rcel,1
beautiful,1
"""most",1
agachadiza,1
percebes,1
k-35,1
rumbo,1
agra,1
inner,1
friend,1
into,1
birds,1
pondremos??,1
9380,1
morto,1
protector,1
20220729_141404-01,1
1993-5,1
portela,1
c√©sar,1
1659629907337,1
scene,1
triple,1
20220728_160421-01,1
trasluz,1
folclore,1
coru√±a-1,1
teixideilo-cruceiro,1
obdulia,1
having,1
carpaccio,1
zamburi√±as,1
vivo,1
20210707_144819,1
20210707_152107,1
sequence,1
foi,1
10639,1
famoso,1
hizo,1
caxete,1
corunya,1
front,1
seagull,1
19_0899,1
19_0880,1
0q5a3334-panor√°mica,1
transparentes,1
carrera,1
19_0902,1
hecules,1
_11t1806,1
2021-06-26_01-44-17,1
pos√≥,1
acord√©,1
carboncillo,1
9414,1
070919,1
19_0892-1,1
mirror,1
veterano,1
[explore],1
compass,1
s-527-023,1
vicedo,1
grandfather,1
peaceful,1
days,1
calavera,1
19_0888,1
terrano,1
largo,1
upr,1
darkhouse,1
‚ò∫Ô∏è,1
dsc_0670,1
embarcadoiro,1
(cabo,1
p¬∫,1
alcalde,1
v√°zquez,1
15002,1
piercing,1
maravilloso,1
0536-,1
538,1
yourself,1
0550-,1
pic√≥n,1
following,1
trends,1
labyrinth-pond,1
breog√°n,1
img_2942,1
carro,1
dont,1
escondida,1
escasea,1
guitarra,1
lusco,1
fusco,1
dsc_2443,1
d√≥nde,1
oce√†,1
atl√†ntic,1
amiga,1
dsc_0033jpg,1
cuartel,1
atocha,1
pastores,1
(139),1
img_2177,1
hembra,1
jmf355846,1
img_0054,1
_mg_0052,1
31,1
fazouro,1
beginning,1
jmf355831,1
december,1
diciembre,1
pasen,1
img_4991,1
espello,1
petirrojo,1
_mg_7406,1
gaviotas,1
img_3599,1
img_20201129_115752_1,1
img_20201129_115748_1,1
img_20201129_115736,1
img_20201129_115455_1,1
img_20201129_115513,1
img_20201021_183357_1,1
img_20201021_183432,1
img_20201021_183351_1,1
s√≥lo,1
img_20201012_174149,1
img_20200911_183611_1,1
img_20201201_175849,1
img_20201215_102144,1
pegadas,1
inicia,1
site,1
(cervo),1
img_0387_foz_province,1
verticales),1
pintada,1
img_0386_foz_province,1
img_8171,1
almac√©n,1
marela,1
cuesco,1
avela√≠√±a,1
e#9,1
blossom,1
_mg_2812,1
cedar,1
salt,1
quizas,1
llueva,1
maybe,1
rente,1
(panor√°mica,1
ese,1
enamorados,1
(peiz√°s),1
ocultan,1
varas,1
sticks,1
hiding,1
tortuga,1
petrea,1
rocky,1
_mg_2809,1
turtle,1
img_20201215_102041,1
img_20201215_102210,1
img_20201215_102221,1
rodman,1
paradise,1
jmf355901,1
pas,1
ancient,1
66,1
john¬¥s,1
jmf355925,1
img_20201215_102232,1
heraldos,1
dsc_0526,1
dsc_0519,1
jacob¬¥s,1
dsc_0528,1
dsc_0524,1
ro√≥,1
kayacking,1
boyas,1
castelos,1
cofrad√≠as,1
‚Äútempus,1
fugit‚Äù,1
cofrad√≠a,1
pescadores,1
resurrection,1
defensas,1
fest,1
m/p,1
‚Äúbaleal‚Äù,1
wellness,1
img_3007,1
sacido-viveiro,1
_mg_5363-r,1
playita,1
xt2_33419r2,1
_mg_1559,1
img_20201201_175917_1,1
img_20201201_175914_1,1
img_20201201_175911,1
img_20201201_180412_1,1
img_20201003_155805_1,1
img_20201211_120150,1
img_3612,1
img_20201003_155752_1,1
img_20201003_155738_1,1
_mg_4359,1
_mg_4359bn,1
desayunando,1
img_3596,1
catamaran,1
_mg_6892,1
xt2_33430-2,1
basement,1
img,1
0785sepia,1
_mg_6890,1
img_6578,1
juvenil,1
img_1191,1
img_0807,1
img_5557sepia,1
img_20200809_214203,1
img_9135,1
bullet,1
xt2_33427r,1
xt2_33424r2,1
taray,1
contemplaci√≥n,1
marquesa,1
522-,1
hockey,1
sunshine,1
523-en,1
tambi√©n,1
hay,1
gatos,1
roads,1
11/09/2021,1
ofixeo,1
dsc_0513,1
li,1
bruxa,1
fea,1
pulperio,1
dsc_0514,1
dsc_0511,1
mouros,1
n,1
r,1
galicia_acoru√±a_menhires3,1
nap,1
menhirs,1
_dsc2918,1
hogar,1
place,1
justine,1
stom,1
copa,1
h√®rcules,1
minimizando,1
m√≥dulos,1
giants,1
dsc_0535,1
shoreline,1
2016,1
gonz√°lez,1
agosto,1
gessi,1
francesco,1
aurora,1
psique,1
pen√≠nsula,1
background,1
1895,1
navarro,1
rom√°n,1
retrato,1
sotomayor1917,1
zarreal,1
vallejopor,1
l√≥pez,1
porta√±a,1
germ√°n,1
taibo,1
alcotan,1
suerte,1
varada,1
qd8afirm9845,1
dsc_0516,1
519-,1
urbano,1
rooms,1
night¬¥s,1
dsc_0520,1
cemiterio,1
dsc_0532,1
chicas,1
seashell,1
(corunna,1
scooter,1
exclusiva,1
afternoon,1
shimmering,1
rielando,1
spectre,1
espectro,1
olitas,1
fontela,1
grandiosa,1
msc,1
bailadora,1
bateriÃÅa,1
riÃÅa,1
8710,1
jmf355872,1
exclusive,1
jmf355869,1
maceta,1
img_1016,1
pot,1
anoitecer,1
albizia,1
julibrissin,1
esqueletos,1
skeletons,1
rifer,1
5/6,1
cairos,1
/green,1
grass,1
fozs,1
perseida,1
qd8afir9735-pano,1
mosteiro,1
remolcadores,1
monteme√°n,1
hercules),1
galicia_acoru√±a_menhires1,1
memoria,1
darkness,1
silk,1
airplane,1
scenery,1
tenemos,1
sirenase,1
llama,1
xunqueira,1
ares,1
mugardos,1
(and,1
caosa,1
insects),1
stairway,1
barrosa,1
578,1
9513,1
-surf,1
table,1
9528,1
valado,1
lourdes,1
9527,1
gruta,1
estampa,1
oto√±al,1
isozaki,1
arata,1
designed,1
0813,1
jmf356130,1
bul-12,1
mirada,1
franja,1
entro,1
0785,1
üòÉüòÄü§î,1
2022_06_25_img_2753,1
¬øpeatonal?,1
dsc_0696,1
desc√≥rpora,1
pat√©,1
mar√≠apita,1
0666,1
nombre,1
gotas,1
2021_06_04aspias07,1
2022_07_05_img_2995,1
yoya,1
neira,1
paco,1
jorquera,1
in√©s,1
lage,1
7089,1
6599,1
10879,1
2019-11-23,1
142953,1
prensa,1
dsc_0706,1
0643,1
148,1
1347,1
0868,1
2022-06-07,1
maletiÃÅn,1
zone,1
16/26,1
esto,1
0920,1
182,1
andres,1
vermut,1
184,1
183,1
paella,1
xt2_29040r,1
sala,1
115746,1
20210620_104055,1
778,1
0606,1
0909,1
tiempos,1
644,1
century,1
"transforma√ßom""",1
palestra,1
‚Äúun,1
reino,1
clase,1
dirixente‚Äù,1
rodr√≠guez,1
caf√©,1
macondo,1
dsc_0702,1
protesta,1
flatiron,1
built,1
oil,1
xapon√≠simos,1
tanker,1
reivindicaci√≥ns,1
iberia,1
a319-111,1
astano,1
20210731_1032,1
boosted,1
shipyards,1
corridor,1
seamless,1
xubia,1
want,1
‚Ä¶playa,1
baliza,1
castanÃÉero,1
#5,1
?¬ø,1
contraste,1
uban√≠stico,1
sirenita,1
silence,1
aguillons,1
herculesspain),1
dji_0168,1
iluni√≥n,1
millo,1
(art,1
nouveau),1
ba√≠a,1
cara,1
pintadas,1
transformador,1
n√©stor,1
205409-1,1
lluviacaranza,1
pues,1
estupenda,1
205410,1
bolboretas,1
violetas,1
olmos,1
777,1
d√±a,1
2020-07-31,1
_mg_6606,1
161528,1
encontro,1
rego,1
carballo,1
agrupaci√≥n,1
cultural,1
alexandre,1
rompecabezas,1
puzzle,1
id,1
ciervo,1
missed,1
‚ù§,1
tr√°fico,1
771,1
pathfinder,1
neda,1
smpc,1
navidades,1
134509,1
772,1
sonreiras,1
naval,1
celebrando,1
wylde,1
cisnes,1
art-nouveau,1
mina,1
scrab,1
-27,1
elisa,1
ras,1
suelo,1
lehmkuhl,1
statsraad,1
race,1
noruego,1
triangle,1
945,1
eliseo,1
¬°,1
fresco,1
redona,1
19_0843,1
lonja,1
17,1
19_0906,1
16,1
dscf9057,1
lr-001,1
buildings,1
row,1
cines,1
portal,1
breakfast,1
divino,1
amerigo,1
93,1
artania,1
reina,1
sof√≠a,1
3213,1
vespucci,1
chalet,1
reo,1
arquitect√≥nica,1
torre√≥n-mirador,1
chatet,1
√≥pera,1
(limpiatubos),1
¬°abriendo,1
grua,1
burillo,1
luxor,1
369,1
anthem,1
seas,1
balaustrada,1
m√°stiles,1
dey10382,1
123647,1
cort√©s,1
779,1
steven,1
img_20220106_133144_1,1
_r003034,1
30,1
fronte,1
20220728_174235-01,1
jardines,1
m√©ndez,1
enr√≠quez,1
julia,1
123949,1
2022-07-30,1
19_0828,1
19_0804,1
19_0330,1
curros,1
19_0826,1
dsc_0684,1
--,1
pandilla,1
19_0830,1
19_0823,1
19_0913,1
minguill√≥n,1
musical,1
palco,1
coru√±√©s,1
balcons,1
dsc_0683,1
19_0805,1
19_0908,1
19_0333,1
19_0839,1
19_0912,1
viandantes,1
viandantas,1
viandantos,1
volar,1
humano,1
aterrizar,1
19_0335,1
ferro,1
reixa,1
2022_07_19_img_3256,1
n√∫√±ez,1
muchos,1
subimos,1
noria?,1
19_0246,1
19_0840,1
19_0827,1
19_0247,1
19_0824,1
terraza,1
nouveau,1
doorway,1
john,1
lennon,1
19_0248,1
774,1
doncellas,1
19_0811,1
19_0284,1
19_0841,1
19_0831,1
19_0286,1
palleiro,1
pepa,1
canle,1
arriba,1
19_0907,1
franciscanos,1
hesperia,1
19_0241,1
deportes,1
cpr,1
museum,1
gray,1
patience,1
admiring,1
cominghappy,1
trap,1
silver,1
ahead,1
blues,1
more?,1
linking,1
dimensions,1
surfing,1
lot,1
whole,1
1659629906940,1
viewers,1
surf√≠stas,1
img_20201018_184418_1,1
urbanos,1
kingdom,1
remanso,1
presencias,1
thoughts,1
wishes,1
ausencias,1
forth,1
steel,1
stay,1
looking,1
landing,1
school,1
class,1
estiramientos,1
saturday,1
20220729_160135-01,1
763,1
tolerancia,1
767,1
766,1
768,1
769,1
765,1
bloques,1
previa,1
ocell,1
unimog,1
camion,1
bens,1
motorbiking,1
xt2_33442r2,1
fast,1
slow,1
main,1
star,1
gold,1
haze,1
fall,1
timelines,1
all,1
seasons,1
hi,1
scape,1
quicksand,1
pillows,1
1000,1
reasons,1
language,1
grading,1
straight,1
thinking,1
sus,1
1659629907109,1
aterrizando,1
oberture,1
roof,1
pond,1
great,1
764,1
762,1
wave,1
shades,1
1659629907250,1
sirena,1
xt2_33443r2,1
xt2_33442bw,1
septentrional,1
20220901164925_0077,1
bizcocho,1
zanahoria,1
bombay,1
sapphire,1
almejas,1
marinera,1
lac√≥n,1
grelos,1
j√§germeister,1
salpic√≥n,1
rape,1
langostinos,1
passenger,1
_mmm0335,1
xt2_33465r2,1
xt2_33442r3,1
vixia,1
debajo,1
us,1
761,1
cristal,1
muncyt,1
cockpit,1
b-747,1
"""lope",1
"vega""",1
matadoiro,1
signal,1
dog,1
ramp,1
img_20201011_174159,1
cooling,1
up,1
siren,1
herbeira,1
duality,1
mood,1
spring,1
tides,1
peligro,1
line,1
simplymy,1
calm,1
mint,1
orz√°n-riazor,1
surfin¬¥,1
endless,1
m),1
(613,1
xt2_33443r,1
hatset,1
pluriling√ºe,1
p√≥dese,1
xt2_33377r,1
seijo,1
xt2_33379bw,1
plazuela,1
xt2_33415r,1
depor,1
hasta,1
ds3,1
xt2_33374rbw2,1
309,1
xt2_33406bw,1
kit,1
m3,1
r2max,1
rubio1945,1
xt2_33379r,1
leche,1
espa√±ola,1
xvi,1
boyero,1
castellano,1
joaqu√≠n,1
sorolla,1
1913,1
marcial,1
adalid,1
1918,1
luisa,1
orleans,1
pierre,1
xt2_33366r,1
xt2_33386r,1
325,1
529-,1
exactly,1
alicante,1
hla,1
basquet,1
panaderas,1
illuminates,1
atlantesbut,1
kiosko,1
318,1
11-13,1
spot,1
bridge,1
fluor,1
walkin,1
esclavas,1
20220123_181933,1
hgt,1
vts,1
cinquecento,1
corsa,1
gsi,1
r200,1
verificaciones,1
dji_0166,1
e36,1
2017,1
sierra,1
cosworth,1
cari√±o,1
rc,1
316i,1
e46,1
mignard,1
1679,1
jugadores,1
1663,1
minotauro,1
dedalo,1
1967,1
lavanderas,1
samaritana,1
jornes,1
xt2_33375bw2,1
naipes,1
rizi,1
visitaci√≥n,1
1550-65,1
neufch√¢tel,1
perritp,1
damacon,1
xt2_33389r,1
xt2_33403r,1
summertime,1
resting,1
xt2_33415rbw,1
gaviotas-2021-riazor,1
gaviotas-2021,1
775,1
776,1
xt2_33412r,1
xt2_33403rbw,1
tradici√≥n,1
xt2_33375r,1
modernidad,1
20220825_221458,1
559-,1
770,1
concepci√≥n,1
xt2_33374r,1
xt2_33377rbw2,1
latte,1
theodoor,1
rombouts,1
1627,1
flamenco,1
xvii,1
bra√±as,1
1930,1
1935,1
xt2_33389bw,1
ataduras,1
but,1
theatre,1
matcha,1
xt2_33412rbw,1
xt2_33494r,1
inmaculada,1
walkers,1
ola,1
xt2_33386rbw,1
xt2_33406r,1
friends,1
down?,1
meaning,1
key,1
round,1
beam,1
carpet,1
austria,1
pantoja,1
1607,1
big,1
bici,1
(larinÃÉo)_1,1
bajorrelieve,1
bautismal,1
carmen),1
sepulvrales,1
laudas,1
√°lvares,1
matamoros,1
bern√°ldez,1
ana,1
dsc_0717,1
2022-09-07,1
pasi√≥n,1
dsc_0723,1
santiagodecomp22_33,1
upr-83a,1
vivaro,1
rom√°nica,1
dsc_0729,1
juip-15,1
dsc_0726,1
bodegones,1
1968,1
lavandeiras,1
pintorcolmeiro,1
7ha,1
goit,1
potada,1
scultura,1
t√≠mpano,1
plazas,1
xt2_28999rbw2,1
xt2_28999r,1
b2k,1
dsc01180,1
dsc01187,1
generalescudo,1
s3,1
instituto,1
174419,1
180803,1
dey10409,1
dey10411,1
dsc_0359,1
20211012_121641,1
contemplando,1
volveremos,1
br√©tema,1
edificis,1
stercoraria,1
scathophaga,1
2020-07-03_09-52-58,1
lorb√©,1
2020-07-31_02-53-41,1
dji_0014r3,1
180600,1
181750,1
vamtac,1
180542,1
uro,1
782,1
_mg_7668,1
0gy,1
trafic,1
setting,1
parrote-s,1
regal,1
xard√≠n,1
molina,1
174539,1
174529,1
carlos-,1
180306,1
180542-1,1
mujer,1
figuras,1
colmeiroel,1
rehearsal,1
egipto,1
huida,1
cambio_pontevedra_3,1
mellado,1
guti√©rrez,1
xeneral,1
abeja,1
liberdade),1
largas,1
iker,1
principito‚Üê_‚Üê,1
‚Üí_‚Üíel,1
florido,1
era,1
muerta,1
esgl√©sia,1
ferrer√≠a),1
modelo,1
orgullo,1
linda,1
anonyme,1
boa,1
reflexos,1
pontevedreÃÅs,1
diÃÅptico,1
montero,1
queda,1
closed,1
discarded,1
clear,1
borb√≥nico,1
cambio_pontevedra_4,1
cambio_pontevedra_1jpg,1
cambio_pontevedra_2,1
rata,1
bana,1
hacer,1
f√°cil,1
7gt,1
dsc_0730,1
cruise,1
perla,1
aida,1
dsc_0708,1
8uip-12,1
transit,1
2010,1
navara,1
7bm,1
gac,1
bebiendo,1
cesto,1
1971,1
(1/2),1
18/26,1
sonando,1
funicul√≠,1
dscn3667,1
b&n,1
mysterious,1
pen,1
kaweco,1
lc2,1
l√°mpara,1
dscn3903,1
1941,1
batm√≥vil,1
24-marzo,1
lake,1
dscn3108,1
-1,1
2020-07-31_07-02-47,1
786,1
19_0306,1
6573,1
dji_0281r,1
dji_0218-editarr,1
2020-07-31_10-36-32,1
dji_0095-editar,1
2020-08-04_12-21-51,1
2020-08-01_07-32-17,1
ley,1
ciudad,1
fraternitat,1
perillo-3,1
pensamientos,1
ozzy-1,1
5008,1
stelvio,1
barrio,1
10292,1
alsa10239,1
#4,1
gelateria,1
#21,1
#11,1
#2,1
#23,1
#22,1
#29,1
#31,1
#35,1
#8,1
#33,1
#24,1
?,1
tendr√©,1
¬ø,1
chica_acostada_espejo,1
econ√≥micas,1
jimenez,1
18-07-22),1
summer(explore,1
10296,1
10239,1
perillo-2,1
perillo-4,1
divirtiendose,1
img_5713,1
img_5715,1
cirr√≥xido,1
ec-miq,1
dsc_4511,1
mediterr√°neo,1
2022_07_05_img_2997,1
20220910_231949b,1
20220910_230052,1
20220910_231949a,1
autoescuela,1
born,1
ephemeral,1
moderna,1
moments,1
minte,1
voz,1
20220728_192928-01,1
20220728_192817-01,1
20210619_172714_hdr,1
modesta,1
feast,1
venda,1
scarecrow,1
espantap√°jaros,1
espantallo,1
garbage,1
eternal,1
#36,1
#17,1
19_0872,1
#ilovetofly,1
ve√±en,1
"""ondi√±as",1
panorammica,1
xpro2_08982v3,1
poco,1
maxicos,1
verde‚Ä¶,1
diez,1
2020-06-28_02-11-54,1
salvamento,1
anton,1
olvidadas,1
v√≠as,1
entrenando,1
6567,1
"van""",1
mara,1
#14,1
gorrionüê¶,1
19_0316,1
19_0860,1
dji_0034dramatic,1
dji_0034dramaticnikbluemonday,1
2020-08-04_12-23-05,1
2020-07-31_07-03-17,1
mamede,1
2020-08-23_04-47-57,1
xpro2_08955r2,1
xpro2_08969r,1
xpro2_08964v3,1
road,1
xi,1
me#ilovetofly,1
praias,1
2020_0719_08545700,1
xt2_28997r3sharpenai,1
moonset,1
(coru√±a,1
#16,1
#19,1
#13,1
#27,1
#7,1
#10,1
#30,1
#18,1
#9,1
#34,1
#6,1
#1,1
#26,1
#20,1
#15,1
galeras,1
(oleiros),1
dsc_8166,1
1174_d8e_4887_bis_illa_de_santa_cruz,1
celebrating,1
2020-06-28_02-17-12,1
20201210_115826,1
csatillo,1
img_20220720_230309,1
2020-08-17_10-29-07,1
dsc_8200,1
dsc_8187,1
xpro2_08869,1
dsc_8145,1
dsc_8152,1
dsc_8177,1
dsc_8182,1
dsc_8155,1
ap9,1
t√©cnico,1
startrails,1
marea,1
sombra,1
2020-09-20_09-05-32,1
kitten,1
h√≠o,1
atrio,1
mosaico,1
20200811_104441,1
daydreaming,1
vs,1
perimetralmente,1
fechado,1
nerga,1
1097,1
lirio-,1
-o,1
ald√°n,1
baja,1
(explorer),1
teepee,1
cabicastro,1
microcamper,1
corocotta,1
_jfe6897,1
_jfe6929jpg1,1
embarcar,1
(vilanova)_5,1
(vilanova)_4,1
(vilanova)_3,1
img_2959,1
img_2956,1
img_2949,1
_mg_0057,1
img_2968,1
galiciamorrazosea,1
azuzena,1
vela,1
pontesampaio,1
"""galicia""",1
aportaci√≥n,1
aceris),1
(acronicta,1
sicamoro,1
fracha,1
20220912_111227,1
dsc_0177-2,1
camba,1
(soutomaior/redondela),1
peneda,1
20220912_100458,1
verdugo,1
img_3976,1
img_3980,1
img_3982,1
brigada,1
alta,1
fogar,1
disponibilidad,1
pareidolia,1
espellos,1
louriz√°n,1
dreamy,1
627,1
tambo)_2,1
tambo)_1,1
tambo)_5,1
nectar,1
naturalezas,1
mogor,1
atardece,1
curras,1
img_20201205_170551,1
#vjtf,1
panuoides,1
gymnopilus,1
junonius,1
sardonia,1
jumping,1
playing,1
princesa,1
water&love,1
tell,1
sessions,1
halloween,1
carnavales,1
mesent√©rica,1
tremella,1
porphyrophaeum,1
spectabilis,1
crispa,1
sparassis,1
85mm,1
astrales,1
d610,1
cordyceps,1
35mm,1
streetlight,1
runaway,1
lacunosa,1
helvella,1
casta√±eus,1
gyroporus,1
gracilior,1
comatus,1
coprinus,1
clytocibe,1
vombicina,1
volvarella,1
oreades,1
marasmius,1
baltar,1
viltrox,1
z5,1
vica√±o,1
job,1
peixeira,1
deliciosos,1
fotopintura,1
hirsitum,1
stereum,1
_mg_7290,1
jump2021,1
(vilanova)_1,1
visitar,1
35,1
1)-2,1
(1,1
pano,1
alone,1
militaris,1
postia,1
caneli√±as,1
excelsa,1
oatalante,1
resaca,1
mary,1
david,1
enrique,1
die,1
skate,1
cyberpunk_050,1
pingas,1
lutecens,1
lacata,1
lacaria,1
cyberpunk_064,1
genmata,1
sullius,1
regato,1
destinations,1
esforzo,1
tapas,1
feixa,1
panorama_ferv,1
spirit,1
layers,1
five,1
monolight,1
siete,1
vigo-rendondela8,1
zoo,1
imgp9907,1
imgp9868,1
mountains,1
tui,1
pepe,1
victoria,1
caf√©s,1
samoa,1
pearl),1
foteando,1
"""a""",1
s/y,1
pilares,1
vigo-rendondela2,1
redondela7,1
2021_05_23,1
viaducto,1
20220911_160521,1
vigo-rendondela6,1
(vigo)_1,1
(vigo)_3,1
gu√≠a,1
follas,1
20220911_160504,1
vigo-rendondela3,1
bronce,1
imgp1646,1
proa,1
n√°utico,1
ulleres,1
savi,1
clave,1
inferior,1
gat,1
reja,1
harp),1
(the,1
arpa,1
l√©difice,1
centrale,1
cour,1
provin√ßial,1
reticencia,1
trav√©s,1
fa√ßana,1
media,1
escalera,1
dadam,1
estate,1
llueve,1
piscina,1
img_0717,1
vgo,1
maceda,1
mite,1
arc√°ngel,1
gatero,1
encantada,1
amapola,1
4815,1
exterior,1
bendita,1
(project,1
bridges,1
derradeiro,1
psathyrella,1
astraeus,1
‚û°Ô∏èwwwthemagicoffocuscom,1
oto√±oüçÅ,1
üçÅpostbodas,1
flick,1
boeu,1
20220804,1
20220917_bueu-edificio,1
podalarius,1
rapae,1
pieris,1
50-3,1
img_20201205_170541,1
20210423_180530,1
20210423_182412,1
spetabiis,1
candolleana,1
departing,1
parasola,1
cont√©nganse,1
favor,1
se√±oras,1
decastes,1
lyophyllum,1
fuligineosquarrosa,1
pratensis,1
perfume,1
jacobo,1
silvaticus,1
vernum,1
2020-10-14_07-35-43,1
nipponica,1
calvatia,1
plicatilis,1
ver√°n,1
procurando,1
gordo,1
(cangas)_8,1
cona,1
sweet,1
img_3983,1
img_3979,1
pantal√°n,1
ap-9,1
ermita3,1
_mg_0100~3,1
_mg_0100,1
ermita2,1
soutomaior,1
balconada,1
liar,1
became,1
cobres,1
mass√≥,1
pantera,1
nets,1
c_0238_01,1
(cangas)_9,1
(cangas)_10,1
(cangas)_6,1
robaleira_noite_01,1
robaleira_v_l-004_2-copia,1
(cangas)_5,1
c_0241_01,1
_mg_1992,1
c_0242_01,1
c_0239_02,1
c_0240_01,1
temper√°ns,1
viendo,1
aproxima,1
20220910_231949,1
602,1
603,1
0067,1
dsc_0659,1
2022_06_29_img_2911,1
suso,1
nu√±ez,1
dsc_0624,1
dsc_0618,1
dsc_0614,1
dsc_0667,1
liii,1
dsc_0607,1
diaz,1
laberintos#aollosdegorrion,1
"cami√±o""",1
hai,1
"""sempre",1
gilsanz,1
2022_06_29_img_2912,1
madrid,1
benda√±a,1
dji_0032r,1
dji_0028r_topaz_clarity_architecture_brickbuilding,1
dsc_0636,1
dsc_0630,1
dsc_0631,1
cristaleras,1
594-,1
corresponsales,1
591-,1
dsc_0658,1
476-577-578-,1
dsc_0663,1
dsc_0621,1
constituci√≥n‚Ä¶,1
‚Ä¶plaza,1
3498,1
img_1265,1
604,1
martinÃÉo-ciÃÅes)_4,1
img_0726,1
20210704170452__mg_0404,1
compartir,1
img_20220706_231836,1
img_20220706_223212,1
img_20220706_150140,1
img_20220706_200723,1
monterreal,1
ch√¢teau,1
2022-03-21_11-03-34,1
img_20220706_145738,1
p1050795,1
p1050802,1
p1050800,1
(panxoÃÅn)_4,1
(panxoÃÅn)_7,1
martinÃÉo-ciÃÅes)_3,1
img_1261,1
martinÃÉo-ciÃÅes)_6,1
img_1257,1
img_1255,1
10625,1
10874,1
11294,1
camping,1
recorriendo,1
20200812_144818,1
faro),1
shining,1
martinÃÉo-ciÃÅes)_8,1
martinÃÉo-ciÃÅes)_7,1
martinÃÉo-ciÃÅes)_2,1
martinÃÉo-ciÃÅes)_5,1
martinÃÉo-ciÃÅes)_1,1
dsc_0643,1
dsc_0647,1
dsc_0655,1
_mg_8606-modifier,1
img_20201003_155746,1
img_20201003_155748,1
img_20200909_193221,1
araucaria,1
0114,1
culleredo,1
11921,1
recuerdos,1
phalacrocorax,1
11945,1
solaris,1
11934,1
6556,1
escaleira,1
10280,1
_mg_8653-,1
_mg_8688-,1
dsc_0641,1
1417,1
e#10,1
dsc_0470,1
kings,1
reyes,1
todo,1
windows,1
balconies,1
1434,1
1412,1
1413,1
1428,1
1423,1
1425,1
1411,1
1418,1
11269,1
xixon,1
bergond,1
isidro,1
cabaleirosa,1
caneiros,1
dsc_0651,1
724,1
p√©rez,1
fern√°n,1
azogiue,1
603-,1
0600-otro,1
601-,1
monacal,1
redesares,1
604-,1
dsc_0637,1
dsc_0632,1
gorrion‚ù§üê¶,1
gil,1
posada,1
spectacular,1
tunnel,1
pedrido,1
lopez,1
vegetation,1
impressive,1
through,1
riveiro,1
cortegana,1
lista,1
3205,1
calca,1
seren,1
290,1
3650,1
(panxoÃÅn)_6,1
_mg_5934,1
_mg_5911,1
trega,1
fishermans,1
_d8afir6832,1
img_0874,1
img_0867,1
img_0875,1
img_0891,1
img_0886,1
img_0898,1
img_0892,1
img_0915,1
img_0919,1
img_0907,1
stop,1
_d8afir6859-pano,1
img_0755,1
outside,1
img_0889,1
cambio_gondomar_1,1
img_0887,1
cortelli√±o,1
mrcy,1
j80,1
regata,1
ea1iqm,1
epo-022,1
img_20220706_145442,1
qd8afir8135,1
qd8afir2366,1
_por5811,1
-pontevedra,1
img_7785,1
qd8afir8586,1
qd8afir3117-pano1,1
img_0894,1
img_0817,1
img_0800,1
img_0790,1
img_0850,1
qd8afir8559,1
trebol,1
alcea),1
(malva,1
malvavisco,1
valley,1
minho,1
1600,1
giulia,1
contemplating,1
_1011830_1,1
mountain),1
castrexo,1
pi√±eiral,1
camposancos,1
img_0862,1
img_0860,1
img_0863,1
img_0778,1
img_0845,1
img_0855,1
qd8afir4808,1
atlas,1
img_0764,1
img_0803,1
img_0815,1
img_0809,1
img_0745,1
img_0793,1
img_0743,1
img_0826,1
img_0792,1
img_0772,1
north,1
rexurdimento,1
_mg_5965,1
_mg_5905,1
_mg_6187,1
padres,1
pohutukawa,1
60),1
(d√©cada,1
125,1
lambretta,1
innocenti,1
hibisco,1
magarza,1
le√±osa,1
ni√±os,1
nigran,1
igreja,1
panx√≥n,1
_mg_6044,1
_mg_5881,1
recomenzar,1
_mg_5895,1
_mg_5930,1
_mg_5929,1
_mg_5939,1
_mg_5945,1
_mg_5915,1
_mg_5912,1
_mg_5964,1
_mg_5943,1
_mg_5948,1
_mg_5935,1
_mg_5956,1
_mg_5963,1
_mg_5903,1
_mg_5876,1
_mg_5899,1
[explored],1
nasas,1
fragrans,1
dsc02532,1
gali√±eiro,1
estanque,1
azalea,1
damascena,1
nigella,1
dsc02530,1
dibujos,1
coraz√≥n,1
seashore,1
naufrage,1
explore],1
[on,1
ver√≠n,1
entroido,1
hoy,1
dron,1
(hdr),1
pato,1
(vigo-,1
dsc02531,1
america,1
whale,1
plastic,1
quinones,1
galicia-,1
qui√±ones,1
img_20221229_165608412,1
‚Äì,1
magnolios,1
1083,1
img_20221229_165455890_hdr,1
img_20221229_165553696_hdr,1
img_20221229_165612494,1
moreno,1
iba√±ez,1
calabazas,1
picado,1
bolas,1
crepusculo,1
climb,1
escalada,1
comienza,1
passion,1
pasion,1
garden,1
tapia,1
protection,1
proteccion,1
rectangles,1
rectangulos,1
pouring,1
descargando,1
balls,1
ventoso,1
caracolito,1
windy,1
plato,1
dorada,1
vespertine,1
vespertinas,1
53,1
january,1
shiny,1
reluciente,1
enero,1
houses,1
meadow,1
e#8,1
bernuy,1
finalizando,1
esta,1
indefinite,1
indeterminado,1
hydrangeas,1
hortensias,1
difficult,1
miniature,1
here?,1
would,1
drops,1
18122022-img_0702-2,1
18122022-img_0706-2,1
2021-11-19_12-49-50,1
2021-11-19_05-35-54,1
_div1027-2,1
reflected,1
_div1029-2,1
_div1067-2,1
2022},1
12th,1
20210830-073415,1
cell,1
have,1
vw,1
serenidad,1
pm,1
steps,1
¬©,1
finalizar,1
hippie,1
pared,1
beer?,1
dsc03338,1
augas,1
dsc03335,1
_div1055-2,1
detail,1
_div1026-2,1
flat,1
decolorado,1
break,1
ec-mju,1
2022),1
28,1
bartolo,1
nublado,1
yellow,1
amarillas,1
florecillas,1
e#18,1
vuelo,1
20211219,1
20210717,1
skyline,1
20220828,1
20220114,1
20210913,1
ec-mff,1
ec-mzm,1
discoloured,1
pa-44,1
andrade#aollosdegorrion,1
vilaboa,1
xls,1
560xl,1
yu-tba,1
10273,1
11382,1
10628,1
pallas,1
sue√±o,1
11292,1
11940,1
777-200er,1
n782an,1
seminole,1
20211230,1
1227,1
20220106,1
e#14,1
20210722,1
seaweed,1
cloudless,1
despejado,1
threes,1
palm,1
palmeras,1
geranium,1
geranio,1
plants,1
mass,1
macizos,1
e#2,1
leele,1
ouka,1
20210726,1
20210720,1
20210729,1
20211222,1
20220101,1
20220110,1
20220102,1
20220108,1
20220109,1
20211225,1
20210909,1
20210908,1
20210813,1
20211218,1
20220113,1
20210927,1
20210925,1
20210915,1
{explored,1
_mg_8334,1
pumpkins,1
8-8--2022,1
pr√©,1
dans,1
est,1
bonheur,1
observador,1
20210830-193043,1
cobweb,1
telara√±a,1
dsc03348,1
2019-0511,1
_dsf5425,1
2019-0508,1
2019-0506,1
2019-0501,1
2019-0486,1
4358,1
4373,1
164841,1
465-tras,1
165020,1
lampposts,1
165250-1,1
165252,1
165352,1
44209-8-2022,1
4389,1
4402,1
4412,1
4421,1
4409,1
4378,1
barreriros,1
hut,1
caseta,1
vilaxoane,1
jmf355811,1
165526,1
165541,1
antonio,1
porcill√°n,1
deportivo,1
dsc_0476,1
dsc_0477,1
flash),1
(no,1
entryway,1
zaguan,1
dsc_0475,1
castropol,1
aduanas,1
vii,1
dsc_0474,1
mix,1
otero,1
altarpiece,1
san/saint,1
seto,1
ribadeo02,1
143341,1
151032-1,1
africanus),1
(agapanthus,1
agapantos,1
campanita,1
procesion,1
(asturias),1
figueras,1
eo,1
antiques,1
antig√ºedades,1
procession,1
165011,1
164604,1
_mg_8279-,1
ourselves,1
too,1
godspeed,1
chabolo,1
blessed,1
dji_0533,1
dji_0518,1
dji_0515,1
dji_0514,1
135002,1
088-lugo_jul22,1
134528,1
134534,1
134551,1
isolation,1
(rinlo,1
focused,1
dji_0660-hdr,1
2019-0461,1
prai,1
_mg_8464-2,1
photobombing,1
brutal,1
_mg_8167-,1
catedrais_bassa_marea,1
catedrais_alta_marea,1
dji_0665-hdr,1
_mg_8142,1
p9090142,1
dsc05862,1
2019-0484,1
2019-0479,1
came,1
encuadre,1
487-,1
acantilado,1
134132,1
ballenero,1
134234-1,1
142706,1
140048-1,1
471-playa,1
472-,1
lighthouse),1
(full,1
"pancha""",1
"""isla",1
456-,1
derecha-,1
0454-,1
2019-0460,1
2019-0446,1
2019-0454,1
img_0198,1
151030,1
143344,1
143335,1
160715-1,1
134502,1
133947-1,1
155913,1
133942,1
155932-1,1
155851,1
155808,1
142702,1
155720,1
155720-1,1
155517,1
155559,1
155449,1
133705,1
lightpainting,1
montalvo,1
(larinÃÉo)_3,1
#flickr,1
#vigo,1
#abancabalaiÃÅdos,1
#sdeibar,1
#rcceltadevigo,1
blast,1
pleasant,1
flooded,1
memory,1
samil,1
ver√©,1
visto,1
haber,1
beach),1
av,1
rapto,1
#spain,1
#futbol,1
rub√©n,1
#calcio,1
santi,1
nolito,1
huesca,1
#c,1
#celebrate,1
#mutsukawamori,1
#laligasantander,1
#Ëπ¥ÁêÉ,1
#Ë∂≥ÁêÉ,1
#fu√üball,1
#futebol,1
#soccer,1
#fudbal,1
#voetbal,1
#football,1
dreaming,1
visiones,1
abandonos,1
mam√°,1
cicling,1
invaders,1
sai√°ns,1
forti√±√≥n,1
galiciasunset,1
portino,1
cielos,1
what?,1
turn,1
emigrante,1
so√±o,1
n√°riga,1
orduak,1
azken,1
acheg√°ndose,1
qu√©,1
gali√±ola,1
muscovy,1
pinta,1
girasol,1
coche,1
barcas,1
foil,1
wing,1
iniciando,1
overexposed,1
hand,1
hold,1
(coruxo,1
desconfinados,1
au,1
img_20220706_142206,1
saians,1
approaching,1
getafe,1
suaÃÅrez,1
mathias,1
p1050791,1
p1050786,1
panes,1
(teo),1
reis,1
ch√°n,1
chegando,1
gana,1
suelocamelia,1
img_20221229_165452679_hdr,1
infantil,1
gran,1
mec√°nicas,1
img_20221229_200556827_hdr,1
img_20221229_200631276_hdr,1
20220910_174414,1
p1050787,1
p1050781,1
olivera,1
p1050777,1
brav√≠o,1
rosi,1
_1000627_2,1
oportunities,1
only,1
coastline,1
rugged,1
p1050789,1
p1050790,1
p1050778,1
p1050775,1
p1050788,1
p1050783,1
p1050784,1
p1050772,1
20220910_174436,1
walks,1
strange,1
20220910_173857,1
art√≠stica,1
tagliatelle/spaghetti,1
rayo,1
buceo,1
refresco,1
prepar√°ndonos,1
fot√≥grafo,1
maburro,1
su√°rez,1
villarreal,1
illarramendi,1
asier,1
sociedad,1
solari,1
augusto,1
level,1
cangrejo,1
forzudo,1
favourite,1
imgp1707,1
hilly,1
2020-11-20_07-07-33,1
industriales,1
player,1
guitar,1
enhorabuena,1
portaplumas,1
asfaltado,1
pintado,1
extraordinario,1
paren,1
humanizando?,1
arqueolog√≠a,1
(31/52),1
shimoda,1
corme,1
llamado,1
(muros)_7,1
(muros)_4,1
tebra,1
escola,1
20210609_162752,1
_mg_0195,1
_mg_0178,1
_mg_0174,1
_mg_0186,1
relaxing,1
taras,1
_mg_0185,1
_mg_0159,1
_mg_0162,1
lighsantiago,1
_mg_8130,1
portosin,1
(muros)_6,1
zapatero,1
cabanas-tal,1
(muros)_1,1
aguieira,1
panorama_praia,1
xu√±o,1
img_20220707_110511,1
paciencia,1
(gallego),1
2022-12-06_12-09-02,1
sanidade,1
2021-12-26_10-50-46,1
carrilanas,1
cormor√°n,1
fisherman,1
(marino),1
_mg_0152,1
google,1
pruebas,1
centellas,1
412hp,1
ec-njv,1
dsc_0754,1
courthouse,1
constitucion,1
dsc_0758,1
dsc_0762,1
dsc_0760,1
montesino,1
cerrojillo,1
papamoscas,1
buitr√≥n,1
cisticola,1
espatula,1
boyera,1
ec-net,1
aircraft,1
710p,1
actividades,1
truenos,1
pasei,1
pinos,1
disfrutar,1
deportivas,1
pistas,1
termine,1
gaiteira,1
barra√±a/playa,1
lejano,1
estio,1
fac,1
escut,1
lluvias,1
(muros)_2,1
869,1
versi√≥n,1
imgp0679,1
imgp0667,1
imgp0680,1
imgp0681,1
multiforme,1
arnado,1
izquierdo,1
caba√±itas,1
(39/50),1
cochinilla,1
pl√°cida,1
c_0205_01,1
c_0204_02,1
c_0198_01,1
c_0197_01,1
c_0200_01,1
imgp0672,1
imgp0669,1
024,1
atalaya,1
vig√≠a,1
cova,1
barda,1
ponteceso,1
mundi√±a,1
furnela,1
chuvia,1
trazas,1
fake,1
ni√±√≥ns,1
(32/52),1
sra,1
"espera""",1
img_1403,1
011,1
c_0203_01,1
c_0199_01,1
c_0201_01,1
c_0196_01,1
imgp0305cr,1
imgp0304cr,1
137,1
138,1
xt2_33364r,1
1659083380079,1
xt2_33352r,1
boi,1
serpent,1
hms,1
capas,1
amontonadas,1
insuelas,1
trece,1
(38/52),1
imgp0302cr,1
imgp0303cr,1
arou,1
eglise,1
c_0195_01,1
c_0206_01,1
mariposa,1
lvi,1
dsc_0774,1
nova,1
dsc_0772,1
xt2_33344r,1
dsc_0767,1
134,1
135,1
136,1
xt2_33339bw,1
xt2_33339r,1
ventana_islas_cies_7706,1
moa√±a,1
duque,1
dji_0819jpg,1
dji_0817jpg,1
dsc_0743,1
foghorn,1
030,1
"path""",1
cross,1
dsc_0747,1
bag-piper,1
terrae,1
finis,1
029,1
argentatus),1
(larus,1
silberm√∂we,1
gull,1
dji_0818jpg,1
ff2022010400023,1
european,1
destination,1
(fisterra)_8,1
(fisterra)_11,1
encounters,1
issues,1
couple,1
delicious,1
umm,1
(fisterra)_10,1
ff2022010400042,1
fin,1
made,1
boot,1
copenhague,1
olvidaron,1
¬°se,1
herring,1
bota,1
img_20221229_164823203_hdr,1
tapinoma,1
ciÃÅes)_2,1
ciÃÅes)_4,1
ciÃÅes)_3,1
trinador,1
zarapito,1
saÃÅlvora)_1,1
saÃÅlvora)_2,1
sr309973,1
img_1636,1
img_1637,1
oteando,1
montefaro,1
faro-ciÃÅes)_5,1
descanso,1
faro-ciÃÅes)_7,1
myrmica,1
nigerrimum,1
ff2021110709772,1
acical√°ndose,1
_dsc4317,1
mentiras),1
salvora,1
s√°lvora,1
vulgare),1
(armadillidium,1
bola,1
becho,1
carrexando,1
capitatus,1
messor,1
obreira,1
parietina,1
xanthoria,1
lique,1
(fisterra)_15,1
rays,1
c_0211_01,1
img_20220508_175618_094,1
intento,1
16346532806787344872431382724842,1
"para√≠so""",1
"""el",1
serans,1
copia,1
img_20220916_234324_769,1
img_20220410_213910_482,1
img_20220506_230126_634,1
img_20220528_234427_010,1
img_20220605_133822_926,1
img_20220326_183946_735,1
ser√°ns,1
172931,1
173038,1
img_20220515_221616_120,1
img_20220123_134054_227,1
c_0208_01,1
26srx07200,1
(larinÃÉo)_2,1
xalfas,1
naraio,1
sept,1
(larinÃÉo)_8,1
(larinÃÉo)_10,1
(larinÃÉo)_9,1
(larinÃÉo)_16,1
(larinÃÉo)_14,1
(larinÃÉo)_17,1
quilmas,1
ff2021082909359,1
_mg_3991,1
sr403465,1
momentos,1
img_20220413_210034_687,1
img_20220409_192811_420,1
img_20220515_233326_239,1
img_20220703_190811_400,1
img_20220507_001819_081,1
img_20220430_212852_865,1
(quilmas)_4,1
(quilmas)_1,1
(quilmas)_3,1
(quilmas)_2,1
(corrubedo)_2,1
(corrubedo)_1,1
lihgthouse,1
18,1
50,1
pentacon,1
lv,1
dsc_0744,1
dsc_0429a,1
(corrubedo)_5,1
farocorrubedo,1
farocorrubedo2,1
amor,1
2021-12-26_10-56-03,1
temporales,1
img_20220915_224306_879,1
cabecinegra,1
curruca,1
socorrista,1
desierto,1
farocorrubedo1,1
socorrismo,1
vl,1
(corrubedo)_4,1
_dsc3929,1
(corrubedo)_3,1
(50/52),1
ciÃÅes)_1,1
`s,1
sonic,1
img_20221229_203211307_hdr,1
(banco,1
dmu,1
cp,1
img_20221229_202949256_hdr,1
berb√©s,1
downtown,1
mtb,1
img_20221229_222236182_hdr,1
img_20221229_202903288_hdr,1
img_20221229_202815521_hdr,1
img_20221229_222329193_hdr,1
panificadora,1
fraga,1
-),1
miquito,1
santander),1
img_20221229_135516411_hdr,1
navidad-,1
img_20221229_203352523_hdr,1
vi√±as-aranda,1
banca,1
img_20221229_161042874_hdr,1
sireno,1
imgp5472,1
(vigo),1
cunqueiro,1
√°lvaro,1
placs,1
img_20221229_203605336_hdr,1
img_20221229_203505795_hdr,1
img_20221229_203501635_hdr,1
img_20221229_203525639_hdr,1
img_20221229_203454430_hdr,1
img_20221229_203508660_hdr,1
simpatico,1
verduler√≠a,1
img_20221229_202310148_hdr,1
img_20221229_202218140_hdr,1
20220910_175135,1
20220910_175306,1
20220910_175007,1
img_20221229_164341336_hdr,1
mayne,1
thom,1
vialia,1
cafe,1
retro,1
img_20221229_201044269_hdr,1
creo),1
eso,1
lo,1
estaba,1
img_20221229_164444108_hdr,1
robot,1
grandes,1
pesqueros,1
grafitti,1
img_20221229_201632440_hdr,1
img_20221229_201641110_hdr,1
img_0728,1
alucinaci√≥n,1
vagina,1
violinista,1
lisboa),1
chimenea,1
(antes,1
zenit,1
img_20221229_162919003_hdr,1
gale√≥ns,1
img_20221229_163635137_hdr,1
chasing,1
_1101193-1,1
merry,1
cabo_silleiro,1
atomic,1
irmaos,1
homem,1
vale,1
midistar,1
universal),1
(ac,1
universal,1
cactus,1
parcial,1
eclipse,1
canovas,1
archivo,1
img_0733,1
seus,1
m/y,1
mota,1
maia,1
dinoseto,1
transportes,1
(baiona)_1,1
(baiona)_2,1
(baiona)_10,1
(baiona)_4,1
(baiona)_8,1
img_0737,1
(baiona)_7,1
manu,1
sunsets,1
6205,1
6214,1
rotary,1
6217,1
ventura,1
mv,1
figura,1
pal√©s,1
imgp0193,1
barros,1
around,1
scenes,1
nativity,1
vinyls,1
girls,1
co√±o,1
auga,1
gamboa,1
grabado,1
lila,1
imgp5386,1
involuntario,1
cromatismo,1
img_20221229_203809383_hdr,1
img_20221229_155944501_hdr,1
fountainvigo,1
santiagodecomp22_28,1
santiagodecomp22_29,1
pombo,1
peluquer√≠a,1
imgp5047,1
vidrio,1
hierro,1
palumbus),1
(columba,1
xunta,1
santiagodecomp22_27,1
administrativo,1
saxofonista,1
img_20221229_160442609_hdr,1
eyes,1
almeida,1
santiagodecomp22_36,1
arrendajo,1
cespon,1
coja,1
0676,1
0836,1
0832,1
0801,1
dsc_0114,1
_mg_7610,1
valcobo,1
sisalde,1
ec-lvd,1
ec-klm,1
ec-ner,1
crj-1000,1
cl-600,1
ec-mtz,1
ec-jqe,1
ec-mdk,1
0917,1
0894,1
ec-kub,1
0904,1
mio,1
il,1
imbersa,1
atropos,1
acherontia,1
calavera/,1
esfinge,1
rubellus,1
badius,1
rickenii,1
arrhenia,1
brumale,1
tulostoma,1
vegasüåü,1
0918,1
ec-llr,1
hu22-08,1
orejones,1
737-400f,1
ec-krh,1
(26),1
(28),1
(27),1
amilcar,1
hotchkiss,1
rolls,1
0892,1
1329,1
comes,1
right,1
will,1
1323,1
sun-flower,1
hi-res,1
ec-mfe,1
ec-lxq,1
ec-lfz,1
dsc_4619,1
sh-60b,1
hs23-10,1
ec-mno,1
ec-mjc,1
challenger,1
n445bh,1
pc-12,1
pilatus,1
oh-jem,1
n102cf,1
ec-nda,1
tx,1
pa-28-181,1
g-lcte,1
ec-ltf,1
amore,1
ru√≠nas,1
um,1
quen,1
ovatus),1
(lagurus,1
conejo,1
cola,1
euphorbiae,1
hyles,1
acteon,1
outeiro,1
revolto,1
esperanza,1
factory,1
lib√©lula,1
macho,1
posiblemente,1
c_0192_01,1
logho,1
ves,1
espigueiro,1
sendo?razas,1
micena,1
perennis,1
coltricia,1
panterina,1
ochroleuca,1
2021-10-07_09-36-16,1
2021-10-07_09-38-55,1
2021-10-07_09-41-31,1
atromarginatus,1
pluteus,1
2021-10-07_09-43-45,1
2021-10-07_09-46-18,1
lejos,1
po-316,1
nosascachenas,1
tonight,1
omgeving,1
1002,1
(sanxenxo),1
c_0185_01,1
resimus,1
fasciculare,1
hupholoma,1
sublateritium,1
repandun,1
hydnum,1
perlatium,1
lycoperdom,1
excavadora,1
diseminatus,1
varius,1
bascuas,1
caracolitos,1
carac√≥is,1
jazminillo,1
(pandorea,1
jazminoides),1
coro,1
mesa,1
aspillera,1
mediod√≠a,1
nueve,1
rito,1
sanjenjo,1
weddings,1
bego,1
mar√≠,1
corb,1
planta-con-caracoles,1
c√¥te,1
bichito,1
1001,1
aena,1
cebre,1
508,1
virences,1
2021-10-07_10-57-42,1
auriantiaco,1
hydnellun,1
cibarius,1
amethystina,1
laccaria,1
inocybe,1
delica,1
arenicola,1
geopora,1
columbeta,1
vesca,1
vellereus,1
traganus,1
ynocibe,1
miniata,1
asterophora,1
invisible,1
parasiitica,1
heart,1
sometimes,1
fomentarius,1
polyforum,1
lapam√°n,1
polphyria,1
2021-10-03_04-37-34,1
atrotomentosa,1
coprino,1
cibaryus,1
coprinopsis,1
augustus,1
gibba,1
artiller√≠a,1
foetens,1
c√≥nica,1
violaceonigra,1
pachyella,1
2021-10-07_10-53-54,1
4820,1
santiagodecomp22_35,1
diferente,1
mira,1
consistorial,1
feliz-idade,1
bengaleras,1
filigranas,1
20200808_100109,1
cenefa,1
granxa,1
raxo,1
santiagodecomp22_34,1
escalones,1
tetu√°n,1
fork,1
palma,1
aranda,1
4826,1
chrysorrheus,1
formosa,1
ramaria,1
sanguineus,1
cristata,1
coccinea,1
cinco,1
castelao,1
20220912_161216,1
ponteverde-apt,1
ponteverde-apt3,1
pontevedre-rain,1
pontevedre12sept,1
pontevedre12sep,1
sees,1
eye,1
2014,1
mundial,1
horreos,1
marino,1
plegaria,1
colada,1
callej√≥n,1
bocoi,1
bodega,1
cruzeiro,1
virginia,1
jazm√≠n,1
20190921_180246,1
wood,1
20190921_180258,1
20190921_180300,1
combarro_7635,1
alas,1
fotograf√≠a,1
lynx,1
photography,1
10263,1
144039,1
2019-11-21,1
poio,1
monast√®re,1
perrito,1
paseando,1
swimmers,1
combarros,1
shells,1
ship,1
turista,1
20200807_171418,1
20200807_171424,1
marineras,1
solsticio,1
¬°contacto,1
rival,1
derribar,1
sarcoscypha,1
sa√≠da,1
vg-41,1
flaccida,1
sepiarium,1
gloeophyllum,1
striatus,1
cyathus,1
leratiomyces,1
vibecina,1
(varfulva),1
vaguinata,1
aurantia,1
aleur√≠a,1
spider?,1
cuccinea,1
lycoperdon,1
perlatum,1
‚Üí_‚Üímarina,1
intentando,1
fracaso,1
nena,1
dg1_7446,1
#conmiradademadre,1
lobo‚Üê_‚Üê,1
soles‚òÄÔ∏è‚òÄÔ∏è,1
nantes,1
‚òÄÔ∏è‚òÄÔ∏èa,1
4817,1
lores,1
bieito,1
porphyria,1
suillus,1
seini,1
albari√±o,1
cruces,1
setas,1
io,1
inachis,1
maera,1
lasiommata,1
argiolus,1
celastrina,1
p√≠xeles,1
faltan,1
perspectiva,1
_mg_0452,1
cardui,1
vanessa,1
_mg_8280,1
sara,1
xiabre,1
tanxil,1
saltarina,1
cirrus,1
satyrium,1
_mg_0003,1
(catoira,1
vikings,1
fighting,1
bride,1
dji_0911,1
selene,1
boloria,1
reojo,1
mir√°ndome,1
familiar,1
valhalla,1
catoira,1
(catoira),1
spini,1
cabalos,1
sp,1
pyrgus,1
blanco),1
arousa)_1,1
arousa)_2,1
arousa)_3,1
fotografa,1
moluscos,1
cultivo,1
claridad,1
vac√≠o,1
precipita,1
elena,1
fabulosas,1
ca√±a,1
ultima,1
_mg_6484,1
rutas,1
(isla,1
arousa),1
sombrilla,1
carami√±al,1
(gam√≥n,1
albus,1
asphodelus,1
stars,1
windmills,1
misarela,1
pobra,1
arousa)_4,1
curota,1
baluarte,1
(insuela)_1,1
1616852577568923658200185554615,1
pl√°tanos,1
012,1
vilanova-sea,1
20220914_185748,1
mejores,1
—òŒ∏≈°Œæ–øŒ¥72,1
indica,1
potentilla,1
capuchino,1
herrerillo,1
vilanueve-old-centro,1
villanueva-apt-view,1
villanueve-clam-shingles,1
20220914_190125,1
20220914_200814,1
testeando,1
co√≠do,1
margaritas,1
p√©talos,1
lagartija,1
dedalera,1
raices,1
lighting,1
20220914_190103,1
explanations,1
levantado,1
living,1
discover,1
filter,1
aquarium,1
clean,1
amorotes,1
guayabo,1
orquidea,1
bugambilla,1
horse,1
police,1
manuela,1
mr,1
floor,1
parrulos,1
para√≠so???,1
tenido,1
hemos,1
cabello,1
melocot√≥n,1
blood,1
cymbidium,1
miembro,1
peras,1
demasiadas,1
img_4758,1
paraiso,1
16163358806833460112412686137802,1
alambres,1
sacando,1
alambrador,1
trabajo,1
20220914_185937,1
costilla,1
cepillo,1
botella,1
bienvenidos,1
ibisco,1
orqu√≠dea,1
marzo,1
mp,1
108,1
jungla,1
mode,1
avisp√≥n,1
supermacro,1
aumentando,1
hojas,1
tr√©bol,1
tr√©boles,1
asiatico,1
itinerarios,1
areoso,1
negra,1
caballitos,1
pipit?,1
baby,1
vigintiduopunctata,1
psyllobora,1
male),1
(immature,1
striolatum,1
ibericus,1
lepidus,1
timon,1
‚ôÇ,1
pararge,1
set,1
get,1
marks,1
fisherwomen,1
c_2418_01,1
trabajadoras,1
c_0226_03,1
acuario,1
podalirius,1
tim),1
(thanks,1
xastelas,1
lameira,1
img_8048,1
(08-22)-x30,1
dscf1327,1
qd8afir9084,1
c_0230_01,1
c_0231_02,1
atracados,1
mussels,1
visit,1
silhouette,1
unidas,1
imaxes,1
lanzada#aollosdegorrion,1
fajardo,1
ella,1
recuerdo,1
eternamente,1
quiera,1
nace,1
sepuilcral,1
qd8afirm9263,1
616,1
sadurni√±o,1
qd8afir9365,1
617,1
620,1
telleria,1
bauleros,1
conchas,1
lapiceros,1
c_0182_02,1
teus,1
hedra,1
c_0219_01,1
c_0220_01,1
c_0221_01,1
beira,1
passeio,1
√≥s,1
c_0183_01,1
milky,1
cerca,1
pregnancy,1
cantar,1
beber,1
turismo,1
mero,1
_mg_8702,1
mentiroso,1
ferrocarril,1
dsc_4547,1
dsc_4549,1
consorcio,1
argiades,1
cupido,1
pirithous,1
leptotes,1
sobran,1
andar,1
primeros,1
alciphron,1
caterpillar,1
sacraria,1
rhodometra,1
boeticus,1
dsc_4542,1
wedding,1
(insuela)_4,1
within,1
diario,1
37,1
espi√±eiro,1
_mg_8907,1
_mg_5784,1
40,1
(14/52),1
atrapasue√±os,1
gallegas,1
marismas,1
24,1
desconfinamiento,1
img_20210305_182426_051,1
coroso,1
20210803-173648,1
lampides,1
phlaeas,1
ochrearia,1
aspitates,1
20220914_185347,1
20220914_185333,1
20220914_185357,1
20220914_185607,1
20220914_185615,1
villanueve-boat-port,1
20220914_122541,1
terr√≥n,1
0,1
_mg_9893,1
lapuerta,1
hornacina,1
rojas,1
alianza,1
finca,1
20220914_185456,1
20220914_185324,1
20220914_185647,1
sylvestris,1
alceae,1
carcharodus,1
purpuralis,1
pyrausta,1
melanops,1
glaucopsyche,1
striata,1
fe,1
spiris,1
marginata,1
lomaspilis,1
redondas,1
granbazan-info,1
20220914_092740,1
chiara,1
